#
# There is insufficient memory for the Java Runtime Environment to continue.
# Native memory allocation (mmap) failed to map 694157312 bytes. Error detail: G1 virtual space
# Possible reasons:
#   The system is out of physical RAM or swap space
#   This process is running with CompressedOops enabled, and the Java Heap may be blocking the growth of the native heap
# Possible solutions:
#   Reduce memory load on the system
#   Increase physical memory or swap space
#   Check if swap backing store is full
#   Decrease Java heap size (-Xmx/-Xms)
#   Decrease number of Java threads
#   Decrease Java thread stack sizes (-Xss)
#   Set larger code cache with -XX:ReservedCodeCacheSize=
#   JVM is running with Unscaled Compressed Oops mode in which the Java heap is
#     placed in the first 4GB address space. The Java Heap base address is the
#     maximum limit for the native heap growth. Please use -XX:HeapBaseMinAddress
#     to set the Java Heap base and to place the Java Heap above 4GB virtual address.
# This output file may be truncated or incomplete.
#
#  Out of Memory Error (os_windows.cpp:3690), pid=17180, tid=13716
#
# JRE version: OpenJDK Runtime Environment Microsoft-13877129 (17.0.19+10) (build 17.0.19+10-LTS)
# Java VM: OpenJDK 64-Bit Server VM Microsoft-13877129 (17.0.19+10-LTS, mixed mode, sharing, tiered, compressed oops, compressed class ptrs, g1 gc, windows-amd64)
# No core dump will be written. Minidumps are not enabled by default on client versions of Windows
#

---------------  S U M M A R Y ------------

Command Line: --add-opens=java.base/java.util=ALL-UNNAMED --add-opens=java.base/java.lang=ALL-UNNAMED --add-opens=java.base/java.lang.invoke=ALL-UNNAMED --add-opens=java.prefs/java.util.prefs=ALL-UNNAMED --add-opens=java.base/java.nio.charset=ALL-UNNAMED --add-opens=java.base/java.net=ALL-UNNAMED --add-opens=java.base/java.util.concurrent.atomic=ALL-UNNAMED -Xmx2048m -Dfile.encoding=UTF-8 -Duser.country=RU -Duser.language=ru -Duser.variant -javaagent:C:\Users\evenk\.gradle\wrapper\dists\gradle-8.4-bin\1w5dpkrfk8irigvoxmyhowfim\gradle-8.4\lib\agents\gradle-instrumentation-agent-8.4.jar org.gradle.launcher.daemon.bootstrap.GradleDaemon 8.4

Host: Intel(R) Xeon(R) CPU           W3690  @ 3.47GHz, 12 cores, 23G,  Windows 10 , 64 bit Build 19041 (10.0.19041.7663)
Time: Tue Sep  8 01:11:25 2026 RTZ 2 (s 10 , 64 bit Build 19041 (10.0.19041.7663) elapsed time: 564.350504 seconds (0d 0h 9m 24s)

---------------  T H R E A D  ---------------

Current thread (0x000002912ba4f150):  VMThread "VM Thread" [stack: 0x000000cc21a00000,0x000000cc21b00000] [id=13716]

Stack: [0x000000cc21a00000,0x000000cc21b00000]
Native frames: (J=compiled Java code, j=interpreted, Vv=VM code, C=native code)
V  [jvm.dll+0x68cc89]  (no source info available)
V  [jvm.dll+0x845d89]  (no source info available)
V  [jvm.dll+0x847af8]  (no source info available)
V  [jvm.dll+0x848183]  (no source info available)
V  [jvm.dll+0x24d0bf]  (no source info available)
V  [jvm.dll+0x68c089]  (no source info available)
V  [jvm.dll+0x68064a]  (no source info available)
V  [jvm.dll+0x3102f0]  (no source info available)
V  [jvm.dll+0x310192]  (no source info available)
V  [jvm.dll+0x317709]  (no source info available)
V  [jvm.dll+0x369b09]  (no source info available)
V  [jvm.dll+0x369d3d]  (no source info available)
V  [jvm.dll+0x2e6afa]  (no source info available)
V  [jvm.dll+0x2e4ef1]  (no source info available)
V  [jvm.dll+0x2e468c]  (no source info available)
V  [jvm.dll+0x329411]  (no source info available)
V  [jvm.dll+0x84ca0d]  (no source info available)
V  [jvm.dll+0x84d723]  (no source info available)
V  [jvm.dll+0x84dc54]  (no source info available)
V  [jvm.dll+0x84e038]  (no source info available)
V  [jvm.dll+0x84e12e]  (no source info available)
V  [jvm.dll+0x7f62cc]  (no source info available)
V  [jvm.dll+0x68e227]  (no source info available)
C  [ucrtbase.dll+0x21bb2]  (no source info available)
C  [KERNEL32.DLL+0x17374]  (no source info available)
C  [ntdll.dll+0x4cc91]  (no source info available)

VM_Operation (0x000000cc227f5460): G1TryInitiateConcMark, mode: safepoint, requested by thread 0x00000291733ec5f0


---------------  P R O C E S S  ---------------

Threads class SMR info:
_java_thread_list=0x000002917d344fa0, length=65, elements={
0x000002910d0f3e40, 0x000002912ba54ec0, 0x000002912ba563f0, 0x000002912ba6f050,
0x000002912ba70a90, 0x000002912ba72730, 0x000002912ba75010, 0x000002912ba967d0,
0x000002912bb2a3f0, 0x000002912ba9df80, 0x000002912bb20d30, 0x000002912bd07660,
0x000002917284fd20, 0x00000291710af0b0, 0x0000029172b29860, 0x000002912bd89a40,
0x000002917262b800, 0x000002917262d150, 0x0000029172630e10, 0x000002917262db70,
0x000002917262b2f0, 0x000002917262c730, 0x000002917262e590, 0x0000029172631d40,
0x000002917262eaa0, 0x000002917262f9d0, 0x000002917262fee0, 0x00000291733e9d70,
0x00000291733ebbd0, 0x00000291733ea280, 0x00000291733eb6c0, 0x00000291733e74f0,
0x00000291733ed010, 0x00000291733e9350, 0x00000291733e60b0, 0x000002912bd8a460,
0x00000291733e7a00, 0x00000291733ec5f0, 0x0000029176299cb0, 0x0000029176297e50,
0x0000029176298360, 0x00000291771c0ca0, 0x00000291771c2b00, 0x00000291771c20e0,
0x00000291771c3a30, 0x000002917d40c590, 0x00000291771be930, 0x00000291771c4450,
0x00000291771c4960, 0x00000291771c5890, 0x00000291771bf350, 0x00000291771be420,
0x00000291771bfd70, 0x00000291771c0280, 0x00000291733eda30, 0x00000291733e8420,
0x00000291733ec0e0, 0x00000291733ea790, 0x00000291733eb1b0, 0x00000291733ecb00,
0x00000291733e8930, 0x00000291733eaca0, 0x00000291733e6ad0, 0x000002917df6d1b0,
0x000002912bd8a970
}

Java Threads: ( => current thread )
  0x000002910d0f3e40 JavaThread "main" [_thread_blocked, id=19056, stack(0x000000cc21400000,0x000000cc21500000)]
  0x000002912ba54ec0 JavaThread "Reference Handler" daemon [_thread_blocked, id=13160, stack(0x000000cc21b00000,0x000000cc21c00000)]
  0x000002912ba563f0 JavaThread "Finalizer" daemon [_thread_blocked, id=15508, stack(0x000000cc21c00000,0x000000cc21d00000)]
  0x000002912ba6f050 JavaThread "Signal Dispatcher" daemon [_thread_blocked, id=22248, stack(0x000000cc21d00000,0x000000cc21e00000)]
  0x000002912ba70a90 JavaThread "Attach Listener" daemon [_thread_blocked, id=20696, stack(0x000000cc21e00000,0x000000cc21f00000)]
  0x000002912ba72730 JavaThread "Service Thread" daemon [_thread_blocked, id=3696, stack(0x000000cc21f00000,0x000000cc22000000)]
  0x000002912ba75010 JavaThread "Monitor Deflation Thread" daemon [_thread_blocked, id=22624, stack(0x000000cc22000000,0x000000cc22100000)]
  0x000002912ba967d0 JavaThread "C2 CompilerThread0" daemon [_thread_blocked, id=18208, stack(0x000000cc22100000,0x000000cc22200000)]
  0x000002912bb2a3f0 JavaThread "C1 CompilerThread0" daemon [_thread_blocked, id=10420, stack(0x000000cc22200000,0x000000cc22300000)]
  0x000002912ba9df80 JavaThread "Sweeper thread" daemon [_thread_blocked, id=18728, stack(0x000000cc22300000,0x000000cc22400000)]
  0x000002912bb20d30 JavaThread "Common-Cleaner" daemon [_thread_blocked, id=5724, stack(0x000000cc22400000,0x000000cc22500000)]
  0x000002912bd07660 JavaThread "Notification Thread" daemon [_thread_blocked, id=6484, stack(0x000000cc22500000,0x000000cc22600000)]
  0x000002917284fd20 JavaThread "Daemon health stats" [_thread_blocked, id=22496, stack(0x000000cc23100000,0x000000cc23200000)]
  0x00000291710af0b0 JavaThread "Incoming local TCP Connector on port 62427" [_thread_in_native, id=18196, stack(0x000000cc22800000,0x000000cc22900000)]
  0x0000029172b29860 JavaThread "Daemon periodic checks" [_thread_blocked, id=20492, stack(0x000000cc23200000,0x000000cc23300000)]
  0x000002912bd89a40 JavaThread "Cache worker for journal cache (C:\Users\evenk\.gradle\caches\journal-1)" [_thread_blocked, id=22408, stack(0x000000cc23900000,0x000000cc23a00000)]
  0x000002917262b800 JavaThread "File lock request listener" [_thread_in_native, id=18692, stack(0x000000cc23a00000,0x000000cc23b00000)]
  0x000002917262d150 JavaThread "Cache worker for file hash cache (C:\Users\evenk\.gradle\caches\8.4\fileHashes)" [_thread_blocked, id=21632, stack(0x000000cc23c00000,0x000000cc23d00000)]
  0x0000029172630e10 JavaThread "File watcher server" daemon [_thread_blocked, id=15400, stack(0x000000cc23d00000,0x000000cc23e00000)]
  0x000002917262db70 JavaThread "File watcher consumer" daemon [_thread_blocked, id=17520, stack(0x000000cc23e00000,0x000000cc23f00000)]
  0x000002917262b2f0 JavaThread "jar transforms" [_thread_blocked, id=19496, stack(0x000000cc23f00000,0x000000cc24000000)]
  0x000002917262c730 JavaThread "jar transforms Thread 2" [_thread_blocked, id=15872, stack(0x000000cc24000000,0x000000cc24100000)]
  0x000002917262e590 JavaThread "jar transforms Thread 3" [_thread_blocked, id=20116, stack(0x000000cc24100000,0x000000cc24200000)]
  0x0000029172631d40 JavaThread "Cache worker for file content cache (C:\Users\evenk\.gradle\caches\8.4\fileContent)" [_thread_blocked, id=2728, stack(0x000000cc24900000,0x000000cc24a00000)]
  0x000002917262eaa0 JavaThread "Cache worker for execution history cache (C:\Users\evenk\.gradle\caches\8.4\executionHistory)" [_thread_blocked, id=23176, stack(0x000000cc24b00000,0x000000cc24c00000)]
  0x000002917262f9d0 JavaThread "jar transforms Thread 4" [_thread_blocked, id=14828, stack(0x000000cc24c00000,0x000000cc24d00000)]
  0x000002917262fee0 JavaThread "jar transforms Thread 5" [_thread_blocked, id=15240, stack(0x000000cc24d00000,0x000000cc24e00000)]
  0x00000291733e9d70 JavaThread "jar transforms Thread 6" [_thread_blocked, id=15964, stack(0x000000cc24f00000,0x000000cc25000000)]
  0x00000291733ebbd0 JavaThread "jar transforms Thread 7" [_thread_blocked, id=21512, stack(0x000000cc25000000,0x000000cc25100000)]
  0x00000291733ea280 JavaThread "jar transforms Thread 8" [_thread_blocked, id=10692, stack(0x000000cc25100000,0x000000cc25200000)]
  0x00000291733eb6c0 JavaThread "jar transforms Thread 9" [_thread_blocked, id=9792, stack(0x000000cc25200000,0x000000cc25300000)]
  0x00000291733e74f0 JavaThread "jar transforms Thread 10" [_thread_blocked, id=6692, stack(0x000000cc25300000,0x000000cc25400000)]
  0x00000291733ed010 JavaThread "jar transforms Thread 11" [_thread_blocked, id=18580, stack(0x000000cc25400000,0x000000cc25500000)]
  0x00000291733e9350 JavaThread "jar transforms Thread 12" [_thread_blocked, id=20488, stack(0x000000cc25500000,0x000000cc25600000)]
  0x00000291733e60b0 JavaThread "Cache worker for kotlin-dsl (C:\Users\evenk\.gradle\caches\8.4\kotlin-dsl)" [_thread_blocked, id=12588, stack(0x000000cc25600000,0x000000cc25700000)]
  0x000002912bd8a460 JavaThread "Memory manager" [_thread_blocked, id=17532, stack(0x000000cc26400000,0x000000cc26500000)]
  0x00000291733e7a00 JavaThread "Daemon Thread 2" [_thread_blocked, id=22308, stack(0x000000cc21100000,0x000000cc21200000)]
  0x00000291733ec5f0 JavaThread "Daemon worker Thread 2" [_thread_blocked, id=5700, stack(0x000000cc22700000,0x000000cc22800000)]
  0x0000029176299cb0 JavaThread "included builds" [_thread_blocked, id=22280, stack(0x000000cc26100000,0x000000cc26200000)]
  0x0000029176297e50 JavaThread "File lock release action executor Thread 2" [_thread_blocked, id=23276, stack(0x000000cc21200000,0x000000cc21300000)]
  0x0000029176298360 JavaThread "Handler for socket connection from /127.0.0.1:62427 to /127.0.0.1:62751" [_thread_in_native, id=2576, stack(0x000000cc21300000,0x000000cc21400000)]
  0x00000291771c0ca0 JavaThread "Cancel handler" [_thread_blocked, id=17712, stack(0x000000cc23300000,0x000000cc23400000)]
  0x00000291771c2b00 JavaThread "Asynchronous log dispatcher for DefaultDaemonConnection: socket connection from /127.0.0.1:62427 to /127.0.0.1:62751" [_thread_blocked, id=22044, stack(0x000000cc23400000,0x000000cc23500000)]
  0x00000291771c20e0 JavaThread "Stdin handler" [_thread_blocked, id=1484, stack(0x000000cc23500000,0x000000cc23600000)]
  0x00000291771c3a30 JavaThread "Daemon client event forwarder" [_thread_blocked, id=19724, stack(0x000000cc23600000,0x000000cc23700000)]
  0x000002917d40c590 JavaThread "C2 CompilerThread1" daemon [_thread_blocked, id=10996, stack(0x000000cc23700000,0x000000cc23800000)]
  0x00000291771be930 JavaThread "Cache worker for checksums cache (H:\Diabetes\TIRUp\.gradle\8.4\checksums)" [_thread_blocked, id=16852, stack(0x000000cc23800000,0x000000cc23900000)]
  0x00000291771c4450 JavaThread "Cache worker for file hash cache (H:\Diabetes\TIRUp\.gradle\8.4\fileHashes)" [_thread_blocked, id=23064, stack(0x000000cc23b00000,0x000000cc23c00000)]
  0x00000291771c4960 JavaThread "Cache worker for cache directory md-supplier (C:\Users\evenk\.gradle\caches\8.4\md-supplier)" [_thread_blocked, id=19000, stack(0x000000cc24500000,0x000000cc24600000)]
  0x00000291771c5890 JavaThread "Cache worker for cache directory md-rule (C:\Users\evenk\.gradle\caches\8.4\md-rule)" [_thread_blocked, id=15072, stack(0x000000cc24600000,0x000000cc24700000)]
  0x00000291771bf350 JavaThread "Cache worker for dependencies-accessors (H:\Diabetes\TIRUp\.gradle\8.4\dependencies-accessors)" [_thread_blocked, id=21568, stack(0x000000cc24700000,0x000000cc24800000)]
  0x00000291771be420 JavaThread "Cache worker for Build Output Cleanup Cache (H:\Diabetes\TIRUp\.gradle\buildOutputCleanup)" [_thread_blocked, id=2704, stack(0x000000cc24800000,0x000000cc24900000)]
  0x00000291771bfd70 JavaThread "Unconstrained build operations" [_thread_blocked, id=1740, stack(0x000000cc24a00000,0x000000cc24b00000)]
  0x00000291771c0280 JavaThread "Unconstrained build operations Thread 2" [_thread_blocked, id=6436, stack(0x000000cc24e00000,0x000000cc24f00000)]
  0x00000291733eda30 JavaThread "Unconstrained build operations Thread 3" [_thread_blocked, id=23508, stack(0x000000cc25700000,0x000000cc25800000)]
  0x00000291733e8420 JavaThread "Unconstrained build operations Thread 4" [_thread_blocked, id=17776, stack(0x000000cc25800000,0x000000cc25900000)]
  0x00000291733ec0e0 JavaThread "Unconstrained build operations Thread 5" [_thread_blocked, id=8364, stack(0x000000cc25900000,0x000000cc25a00000)]
  0x00000291733ea790 JavaThread "Unconstrained build operations Thread 6" [_thread_blocked, id=9548, stack(0x000000cc25a00000,0x000000cc25b00000)]
  0x00000291733eb1b0 JavaThread "Unconstrained build operations Thread 7" [_thread_blocked, id=17504, stack(0x000000cc25b00000,0x000000cc25c00000)]
  0x00000291733ecb00 JavaThread "Unconstrained build operations Thread 8" [_thread_blocked, id=18252, stack(0x000000cc25c00000,0x000000cc25d00000)]
  0x00000291733e8930 JavaThread "Unconstrained build operations Thread 9" [_thread_blocked, id=6276, stack(0x000000cc25d00000,0x000000cc25e00000)]
  0x00000291733eaca0 JavaThread "Unconstrained build operations Thread 10" [_thread_blocked, id=5144, stack(0x000000cc25e00000,0x000000cc25f00000)]
  0x00000291733e6ad0 JavaThread "Unconstrained build operations Thread 11" [_thread_blocked, id=20108, stack(0x000000cc25f00000,0x000000cc26000000)]
  0x000002917df6d1b0 JavaThread "C2 CompilerThread2" daemon [_thread_blocked, id=10404, stack(0x000000cc26000000,0x000000cc26100000)]
  0x000002912bd8a970 JavaThread "build event listener" [_thread_blocked, id=6528, stack(0x000000cc26200000,0x000000cc26300000)]

Other Threads:
=>0x000002912ba4f150 VMThread "VM Thread" [stack: 0x000000cc21a00000,0x000000cc21b00000] [id=13716]
  0x000002912bd07b40 WatcherThread [stack: 0x000000cc22600000,0x000000cc22700000] [id=22572]
  0x000002910d1511e0 GCTaskThread "GC Thread#0" [stack: 0x000000cc21500000,0x000000cc21600000] [id=23404]
  0x0000029171d713b0 GCTaskThread "GC Thread#1" [stack: 0x000000cc22900000,0x000000cc22a00000] [id=20940]
  0x0000029171c434a0 GCTaskThread "GC Thread#2" [stack: 0x000000cc22a00000,0x000000cc22b00000] [id=724]
  0x000002917221cff0 GCTaskThread "GC Thread#3" [stack: 0x000000cc22b00000,0x000000cc22c00000] [id=18828]
  0x000002917221b970 GCTaskThread "GC Thread#4" [stack: 0x000000cc22c00000,0x000000cc22d00000] [id=17960]
  0x000002917221bf10 GCTaskThread "GC Thread#5" [stack: 0x000000cc22d00000,0x000000cc22e00000] [id=22332]
  0x000002917221cd20 GCTaskThread "GC Thread#6" [stack: 0x000000cc22e00000,0x000000cc22f00000] [id=22156]
  0x000002917221ca50 GCTaskThread "GC Thread#7" [stack: 0x000000cc22f00000,0x000000cc23000000] [id=6788]
  0x000002917221c1e0 GCTaskThread "GC Thread#8" [stack: 0x000000cc23000000,0x000000cc23100000] [id=2804]
  0x00000291736e9f20 GCTaskThread "GC Thread#9" [stack: 0x000000cc24200000,0x000000cc24300000] [id=5692]
  0x000002910d162050 ConcurrentGCThread "G1 Main Marker" [stack: 0x000000cc21600000,0x000000cc21700000] [id=14552]
  0x000002910d163120 ConcurrentGCThread "G1 Conc#0" [stack: 0x000000cc21700000,0x000000cc21800000] [id=8104]
  0x00000291736ec0e0 ConcurrentGCThread "G1 Conc#1" [stack: 0x000000cc24300000,0x000000cc24400000] [id=19656]
  0x00000291736ec3b0 ConcurrentGCThread "G1 Conc#2" [stack: 0x000000cc24400000,0x000000cc24500000] [id=6836]
  0x000002910d1ad840 ConcurrentGCThread "G1 Refine#0" [stack: 0x000000cc21800000,0x000000cc21900000] [id=7036]
  0x000002917259e260 ConcurrentGCThread "G1 Refine#1" [stack: 0x000000cc26700000,0x000000cc26800000] [id=9584]
  0x00000291733d8420 ConcurrentGCThread "G1 Refine#2" [stack: 0x000000cc26800000,0x000000cc26900000] [id=18948]
  0x00000291733d8d20 ConcurrentGCThread "G1 Refine#3" [stack: 0x000000cc26900000,0x000000cc26a00000] [id=11864]
  0x00000291733d6f20 ConcurrentGCThread "G1 Refine#4" [stack: 0x000000cc26a00000,0x000000cc26b00000] [id=20208]
  0x00000291733d5720 ConcurrentGCThread "G1 Refine#5" [stack: 0x000000cc26b00000,0x000000cc26c00000] [id=1684]
  0x00000291733d7220 ConcurrentGCThread "G1 Refine#6" [stack: 0x000000cc26c00000,0x000000cc26d00000] [id=21984]
  0x00000291733d8720 ConcurrentGCThread "G1 Refine#7" [stack: 0x000000cc26d00000,0x000000cc26e00000] [id=21376]
  0x00000291733d5a20 ConcurrentGCThread "G1 Refine#8" [stack: 0x000000cc26e00000,0x000000cc26f00000] [id=12020]
  0x000002910d1ae190 ConcurrentGCThread "G1 Service" [stack: 0x000000cc21900000,0x000000cc21a00000] [id=16680]

Threads with active compile tasks:
C2 CompilerThread0  564389 24630       4       org.jetbrains.org.objectweb.asm.ClassReader::readModuleAttributes (551 bytes)
C2 CompilerThread1  564389 24642       4       org.jetbrains.kotlin.resolve.jvm.modules.JavaModuleInfo$Companion$read$1$visitModule$1::visitExport (61 bytes)
C2 CompilerThread2  564389 24645       4       org.jetbrains.kotlin.metadata.ProtoBuf$Annotation$Argument$Value::initFields (62 bytes)

VM state: at safepoint (normal execution)

VM Mutex/Monitor currently owned by a thread:  ([mutex/lock_event])
[0x000002910d0ef610] Threads_lock - owner thread: 0x000002912ba4f150
[0x000002910d0eeec0] Heap_lock - owner thread: 0x00000291733ec5f0

Heap address: 0x0000000080000000, size: 2048 MB, Compressed Oops mode: 32-bit

CDS archive(s) mapped at: [0x000002912c000000-0x000002912cbb0000-0x000002912cbb0000), size 12255232, SharedBaseAddress: 0x000002912c000000, ArchiveRelocationMode: 1.
Compressed class space mapped at: 0x000002912d000000-0x000002916d000000, reserved size: 1073741824
Narrow klass base: 0x000002912c000000, Narrow klass shift: 0, Narrow klass range: 0x100000000

GC Precious Log:
 CPUs: 12 total, 12 available
 Memory: 24574M
 Large Page Support: Disabled
 NUMA Support: Disabled
 Compressed Oops: Enabled (32-bit)
 Heap Region Size: 1M
 Heap Min Capacity: 8M
 Heap Initial Capacity: 384M
 Heap Max Capacity: 2G
 Pre-touch: Disabled
 Parallel Workers: 10
 Concurrent Workers: 3
 Concurrent Refinement Workers: 10
 Periodic GC: Disabled

Heap:
 garbage-first heap   total 393216K, used 239906K [0x0000000080000000, 0x0000000100000000)
  region size 1024K, 12 young (12288K), 12 survivors (12288K)
 Metaspace       used 161218K, committed 162304K, reserved 1245184K
  class space    used 20454K, committed 20992K, reserved 1048576K

Heap Regions: E=young(eden), S=young(survivor), O=old, HS=humongous(starts), HC=humongous(continues), CS=collection set, F=free, OA=open archive, CA=closed archive, TAMS=top-at-mark-start (previous, next)
|   0|0x0000000080000000, 0x0000000080100000, 0x0000000080100000|100%|HS|  |TAMS 0x0000000080100000, 0x0000000080100000| Complete 
|   1|0x0000000080100000, 0x0000000080200000, 0x0000000080200000|100%|HC|  |TAMS 0x0000000080200000, 0x0000000080200000| Complete 
|   2|0x0000000080200000, 0x0000000080300000, 0x0000000080300000|100%|HC|  |TAMS 0x0000000080300000, 0x0000000080300000| Complete 
|   3|0x0000000080300000, 0x0000000080400000, 0x0000000080400000|100%|HC|  |TAMS 0x0000000080400000, 0x0000000080400000| Complete 
|   4|0x0000000080400000, 0x0000000080500000, 0x0000000080500000|100%| O|  |TAMS 0x0000000080500000, 0x0000000080500000| Untracked 
|   5|0x0000000080500000, 0x0000000080600000, 0x0000000080600000|100%| O|  |TAMS 0x0000000080600000, 0x0000000080600000| Untracked 
|   6|0x0000000080600000, 0x0000000080700000, 0x0000000080700000|100%| O|  |TAMS 0x0000000080700000, 0x0000000080700000| Untracked 
|   7|0x0000000080700000, 0x0000000080800000, 0x0000000080800000|100%| O|  |TAMS 0x0000000080800000, 0x0000000080800000| Untracked 
|   8|0x0000000080800000, 0x0000000080900000, 0x0000000080900000|100%| O|  |TAMS 0x0000000080900000, 0x0000000080900000| Untracked 
|   9|0x0000000080900000, 0x0000000080a00000, 0x0000000080a00000|100%| O|  |TAMS 0x0000000080a00000, 0x0000000080a00000| Untracked 
|  10|0x0000000080a00000, 0x0000000080b00000, 0x0000000080b00000|100%| O|  |TAMS 0x0000000080b00000, 0x0000000080b00000| Untracked 
|  11|0x0000000080b00000, 0x0000000080c00000, 0x0000000080c00000|100%| O|  |TAMS 0x0000000080c00000, 0x0000000080c00000| Untracked 
|  12|0x0000000080c00000, 0x0000000080d00000, 0x0000000080d00000|100%| O|  |TAMS 0x0000000080d00000, 0x0000000080d00000| Untracked 
|  13|0x0000000080d00000, 0x0000000080e00000, 0x0000000080e00000|100%| O|  |TAMS 0x0000000080e00000, 0x0000000080e00000| Untracked 
|  14|0x0000000080e00000, 0x0000000080f00000, 0x0000000080f00000|100%| O|  |TAMS 0x0000000080f00000, 0x0000000080f00000| Untracked 
|  15|0x0000000080f00000, 0x0000000081000000, 0x0000000081000000|100%| O|  |TAMS 0x0000000081000000, 0x0000000081000000| Untracked 
|  16|0x0000000081000000, 0x0000000081100000, 0x0000000081100000|100%| O|  |TAMS 0x0000000081100000, 0x0000000081100000| Untracked 
|  17|0x0000000081100000, 0x0000000081200000, 0x0000000081200000|100%| O|  |TAMS 0x0000000081200000, 0x0000000081200000| Untracked 
|  18|0x0000000081200000, 0x0000000081300000, 0x0000000081300000|100%| O|  |TAMS 0x0000000081300000, 0x0000000081300000| Untracked 
|  19|0x0000000081300000, 0x0000000081400000, 0x0000000081400000|100%| O|  |TAMS 0x0000000081400000, 0x0000000081400000| Untracked 
|  20|0x0000000081400000, 0x0000000081500000, 0x0000000081500000|100%| O|  |TAMS 0x0000000081500000, 0x0000000081500000| Untracked 
|  21|0x0000000081500000, 0x0000000081600000, 0x0000000081600000|100%| O|  |TAMS 0x0000000081600000, 0x0000000081600000| Untracked 
|  22|0x0000000081600000, 0x0000000081700000, 0x0000000081700000|100%| O|  |TAMS 0x0000000081700000, 0x0000000081700000| Untracked 
|  23|0x0000000081700000, 0x0000000081800000, 0x0000000081800000|100%| O|  |TAMS 0x0000000081800000, 0x0000000081800000| Untracked 
|  24|0x0000000081800000, 0x0000000081900000, 0x0000000081900000|100%| O|  |TAMS 0x0000000081900000, 0x0000000081900000| Untracked 
|  25|0x0000000081900000, 0x0000000081a00000, 0x0000000081a00000|100%| O|  |TAMS 0x0000000081a00000, 0x0000000081a00000| Untracked 
|  26|0x0000000081a00000, 0x0000000081b00000, 0x0000000081b00000|100%| O|  |TAMS 0x0000000081b00000, 0x0000000081b00000| Untracked 
|  27|0x0000000081b00000, 0x0000000081c00000, 0x0000000081c00000|100%| O|  |TAMS 0x0000000081c00000, 0x0000000081c00000| Untracked 
|  28|0x0000000081c00000, 0x0000000081d00000, 0x0000000081d00000|100%| O|  |TAMS 0x0000000081d00000, 0x0000000081d00000| Untracked 
|  29|0x0000000081d00000, 0x0000000081e00000, 0x0000000081e00000|100%| O|  |TAMS 0x0000000081e00000, 0x0000000081e00000| Untracked 
|  30|0x0000000081e00000, 0x0000000081f00000, 0x0000000081f00000|100%| O|  |TAMS 0x0000000081f00000, 0x0000000081f00000| Untracked 
|  31|0x0000000081f00000, 0x0000000082000000, 0x0000000082000000|100%| O|  |TAMS 0x0000000082000000, 0x0000000082000000| Untracked 
|  32|0x0000000082000000, 0x0000000082000000, 0x0000000082100000|  0%| F|  |TAMS 0x0000000082000000, 0x0000000082000000| Untracked 
|  33|0x0000000082100000, 0x0000000082200000, 0x0000000082200000|100%| O|  |TAMS 0x0000000082200000, 0x0000000082200000| Untracked 
|  34|0x0000000082200000, 0x0000000082300000, 0x0000000082300000|100%| O|  |TAMS 0x0000000082300000, 0x0000000082300000| Untracked 
|  35|0x0000000082300000, 0x0000000082400000, 0x0000000082400000|100%| O|  |TAMS 0x0000000082400000, 0x0000000082400000| Untracked 
|  36|0x0000000082400000, 0x0000000082500000, 0x0000000082500000|100%| O|  |TAMS 0x0000000082500000, 0x0000000082500000| Untracked 
|  37|0x0000000082500000, 0x0000000082600000, 0x0000000082600000|100%| O|  |TAMS 0x0000000082600000, 0x0000000082600000| Untracked 
|  38|0x0000000082600000, 0x0000000082700000, 0x0000000082700000|100%| O|  |TAMS 0x0000000082700000, 0x0000000082700000| Untracked 
|  39|0x0000000082700000, 0x0000000082800000, 0x0000000082800000|100%| O|  |TAMS 0x0000000082700000, 0x0000000082700000| Untracked 
|  40|0x0000000082800000, 0x0000000082900000, 0x0000000082900000|100%| O|  |TAMS 0x0000000082900000, 0x0000000082900000| Untracked 
|  41|0x0000000082900000, 0x0000000082a00000, 0x0000000082a00000|100%| O|  |TAMS 0x0000000082900000, 0x0000000082900000| Untracked 
|  42|0x0000000082a00000, 0x0000000082b00000, 0x0000000082b00000|100%|HS|  |TAMS 0x0000000082b00000, 0x0000000082b00000| Complete 
|  43|0x0000000082b00000, 0x0000000082c00000, 0x0000000082c00000|100%|HS|  |TAMS 0x0000000082c00000, 0x0000000082c00000| Complete 
|  44|0x0000000082c00000, 0x0000000082d00000, 0x0000000082d00000|100%| O|  |TAMS 0x0000000082d00000, 0x0000000082d00000| Untracked 
|  45|0x0000000082d00000, 0x0000000082e00000, 0x0000000082e00000|100%| O|  |TAMS 0x0000000082d00000, 0x0000000082e00000| Untracked 
|  46|0x0000000082e00000, 0x0000000082f00000, 0x0000000082f00000|100%| O|  |TAMS 0x0000000082f00000, 0x0000000082f00000| Untracked 
|  47|0x0000000082f00000, 0x0000000083000000, 0x0000000083000000|100%|HS|  |TAMS 0x0000000083000000, 0x0000000083000000| Complete 
|  48|0x0000000083000000, 0x0000000083100000, 0x0000000083100000|100%|HC|  |TAMS 0x0000000083100000, 0x0000000083100000| Complete 
|  49|0x0000000083100000, 0x0000000083200000, 0x0000000083200000|100%|HS|  |TAMS 0x0000000083200000, 0x0000000083200000| Complete 
|  50|0x0000000083200000, 0x0000000083300000, 0x0000000083300000|100%|HC|  |TAMS 0x0000000083300000, 0x0000000083300000| Complete 
|  51|0x0000000083300000, 0x0000000083400000, 0x0000000083400000|100%|HS|  |TAMS 0x0000000083400000, 0x0000000083400000| Complete 
|  52|0x0000000083400000, 0x0000000083500000, 0x0000000083500000|100%|HS|  |TAMS 0x0000000083500000, 0x0000000083500000| Complete 
|  53|0x0000000083500000, 0x0000000083600000, 0x0000000083600000|100%| O|  |TAMS 0x0000000083600000, 0x0000000083600000| Untracked 
|  54|0x0000000083600000, 0x0000000083700000, 0x0000000083700000|100%|HS|  |TAMS 0x0000000083700000, 0x0000000083700000| Complete 
|  55|0x0000000083700000, 0x0000000083800000, 0x0000000083800000|100%|HC|  |TAMS 0x0000000083800000, 0x0000000083800000| Complete 
|  56|0x0000000083800000, 0x0000000083900000, 0x0000000083900000|100%|HC|  |TAMS 0x0000000083900000, 0x0000000083900000| Complete 
|  57|0x0000000083900000, 0x0000000083a00000, 0x0000000083a00000|100%|HC|  |TAMS 0x0000000083a00000, 0x0000000083a00000| Complete 
|  58|0x0000000083a00000, 0x0000000083b00000, 0x0000000083b00000|100%| O|  |TAMS 0x0000000083b00000, 0x0000000083b00000| Untracked 
|  59|0x0000000083b00000, 0x0000000083c00000, 0x0000000083c00000|100%| O|  |TAMS 0x0000000083c00000, 0x0000000083c00000| Untracked 
|  60|0x0000000083c00000, 0x0000000083d00000, 0x0000000083d00000|100%| O|  |TAMS 0x0000000083d00000, 0x0000000083d00000| Untracked 
|  61|0x0000000083d00000, 0x0000000083e00000, 0x0000000083e00000|100%|HS|  |TAMS 0x0000000083e00000, 0x0000000083e00000| Complete 
|  62|0x0000000083e00000, 0x0000000083f00000, 0x0000000083f00000|100%| O|  |TAMS 0x0000000083f00000, 0x0000000083f00000| Untracked 
|  63|0x0000000083f00000, 0x0000000084000000, 0x0000000084000000|100%| O|  |TAMS 0x0000000084000000, 0x0000000084000000| Untracked 
|  64|0x0000000084000000, 0x0000000084100000, 0x0000000084100000|100%| O|  |TAMS 0x0000000084100000, 0x0000000084100000| Untracked 
|  65|0x0000000084100000, 0x0000000084200000, 0x0000000084200000|100%| O|  |TAMS 0x0000000084200000, 0x0000000084200000| Untracked 
|  66|0x0000000084200000, 0x0000000084300000, 0x0000000084300000|100%| O|  |TAMS 0x0000000084300000, 0x0000000084300000| Untracked 
|  67|0x0000000084300000, 0x0000000084400000, 0x0000000084400000|100%| O|  |TAMS 0x0000000084400000, 0x0000000084400000| Untracked 
|  68|0x0000000084400000, 0x0000000084500000, 0x0000000084500000|100%| O|  |TAMS 0x0000000084500000, 0x0000000084500000| Untracked 
|  69|0x0000000084500000, 0x0000000084600000, 0x0000000084600000|100%| O|  |TAMS 0x0000000084600000, 0x0000000084600000| Untracked 
|  70|0x0000000084600000, 0x0000000084700000, 0x0000000084700000|100%| O|  |TAMS 0x0000000084700000, 0x0000000084700000| Untracked 
|  71|0x0000000084700000, 0x0000000084800000, 0x0000000084800000|100%| O|  |TAMS 0x0000000084800000, 0x0000000084800000| Untracked 
|  72|0x0000000084800000, 0x0000000084900000, 0x0000000084900000|100%| O|  |TAMS 0x0000000084900000, 0x0000000084900000| Untracked 
|  73|0x0000000084900000, 0x0000000084a00000, 0x0000000084a00000|100%| O|  |TAMS 0x0000000084a00000, 0x0000000084a00000| Untracked 
|  74|0x0000000084a00000, 0x0000000084b00000, 0x0000000084b00000|100%|HS|  |TAMS 0x0000000084b00000, 0x0000000084b00000| Complete 
|  75|0x0000000084b00000, 0x0000000084c00000, 0x0000000084c00000|100%|HC|  |TAMS 0x0000000084c00000, 0x0000000084c00000| Complete 
|  76|0x0000000084c00000, 0x0000000084d00000, 0x0000000084d00000|100%|HC|  |TAMS 0x0000000084d00000, 0x0000000084d00000| Complete 
|  77|0x0000000084d00000, 0x0000000084e00000, 0x0000000084e00000|100%|HC|  |TAMS 0x0000000084e00000, 0x0000000084e00000| Complete 
|  78|0x0000000084e00000, 0x0000000084f00000, 0x0000000084f00000|100%| O|  |TAMS 0x0000000084f00000, 0x0000000084f00000| Untracked 
|  79|0x0000000084f00000, 0x0000000085000000, 0x0000000085000000|100%| O|  |TAMS 0x0000000085000000, 0x0000000085000000| Untracked 
|  80|0x0000000085000000, 0x0000000085100000, 0x0000000085100000|100%| O|  |TAMS 0x0000000085100000, 0x0000000085100000| Untracked 
|  81|0x0000000085100000, 0x0000000085200000, 0x0000000085200000|100%| O|  |TAMS 0x0000000085200000, 0x0000000085200000| Untracked 
|  82|0x0000000085200000, 0x0000000085300000, 0x0000000085300000|100%| O|  |TAMS 0x0000000085300000, 0x0000000085300000| Untracked 
|  83|0x0000000085300000, 0x0000000085400000, 0x0000000085400000|100%| O|  |TAMS 0x0000000085400000, 0x0000000085400000| Untracked 
|  84|0x0000000085400000, 0x0000000085500000, 0x0000000085500000|100%| O|  |TAMS 0x0000000085500000, 0x0000000085500000| Untracked 
|  85|0x0000000085500000, 0x0000000085600000, 0x0000000085600000|100%| O|  |TAMS 0x0000000085600000, 0x0000000085600000| Untracked 
|  86|0x0000000085600000, 0x0000000085700000, 0x0000000085700000|100%| O|  |TAMS 0x0000000085700000, 0x0000000085700000| Untracked 
|  87|0x0000000085700000, 0x0000000085800000, 0x0000000085800000|100%| O|  |TAMS 0x0000000085800000, 0x0000000085800000| Untracked 
|  88|0x0000000085800000, 0x0000000085900000, 0x0000000085900000|100%| O|  |TAMS 0x0000000085900000, 0x0000000085900000| Untracked 
|  89|0x0000000085900000, 0x0000000085a00000, 0x0000000085a00000|100%| O|  |TAMS 0x0000000085a00000, 0x0000000085a00000| Untracked 
|  90|0x0000000085a00000, 0x0000000085b00000, 0x0000000085b00000|100%| O|  |TAMS 0x0000000085b00000, 0x0000000085b00000| Untracked 
|  91|0x0000000085b00000, 0x0000000085c00000, 0x0000000085c00000|100%| O|  |TAMS 0x0000000085c00000, 0x0000000085c00000| Untracked 
|  92|0x0000000085c00000, 0x0000000085d00000, 0x0000000085d00000|100%| O|  |TAMS 0x0000000085d00000, 0x0000000085d00000| Untracked 
|  93|0x0000000085d00000, 0x0000000085e00000, 0x0000000085e00000|100%| O|  |TAMS 0x0000000085e00000, 0x0000000085e00000| Untracked 
|  94|0x0000000085e00000, 0x0000000085f00000, 0x0000000085f00000|100%| O|  |TAMS 0x0000000085f00000, 0x0000000085f00000| Untracked 
|  95|0x0000000085f00000, 0x0000000086000000, 0x0000000086000000|100%| O|  |TAMS 0x0000000086000000, 0x0000000086000000| Untracked 
|  96|0x0000000086000000, 0x0000000086100000, 0x0000000086100000|100%| O|  |TAMS 0x0000000086100000, 0x0000000086100000| Untracked 
|  97|0x0000000086100000, 0x0000000086200000, 0x0000000086200000|100%| O|  |TAMS 0x0000000086200000, 0x0000000086200000| Untracked 
|  98|0x0000000086200000, 0x0000000086300000, 0x0000000086300000|100%| O|  |TAMS 0x0000000086300000, 0x0000000086300000| Untracked 
|  99|0x0000000086300000, 0x0000000086400000, 0x0000000086400000|100%| O|  |TAMS 0x0000000086400000, 0x0000000086400000| Untracked 
| 100|0x0000000086400000, 0x0000000086500000, 0x0000000086500000|100%| O|  |TAMS 0x0000000086500000, 0x0000000086500000| Untracked 
| 101|0x0000000086500000, 0x0000000086600000, 0x0000000086600000|100%| O|  |TAMS 0x0000000086600000, 0x0000000086600000| Untracked 
| 102|0x0000000086600000, 0x0000000086700000, 0x0000000086700000|100%| O|  |TAMS 0x0000000086700000, 0x0000000086700000| Untracked 
| 103|0x0000000086700000, 0x0000000086800000, 0x0000000086800000|100%| O|  |TAMS 0x0000000086800000, 0x0000000086800000| Untracked 
| 104|0x0000000086800000, 0x0000000086900000, 0x0000000086900000|100%| O|  |TAMS 0x0000000086900000, 0x0000000086900000| Untracked 
| 105|0x0000000086900000, 0x0000000086a00000, 0x0000000086a00000|100%| O|  |TAMS 0x0000000086900000, 0x0000000086a00000| Untracked 
| 106|0x0000000086a00000, 0x0000000086b00000, 0x0000000086b00000|100%| O|  |TAMS 0x0000000086b00000, 0x0000000086b00000| Untracked 
| 107|0x0000000086b00000, 0x0000000086c00000, 0x0000000086c00000|100%| O|  |TAMS 0x0000000086c00000, 0x0000000086c00000| Untracked 
| 108|0x0000000086c00000, 0x0000000086d00000, 0x0000000086d00000|100%| O|  |TAMS 0x0000000086d00000, 0x0000000086d00000| Untracked 
| 109|0x0000000086d00000, 0x0000000086e00000, 0x0000000086e00000|100%| O|  |TAMS 0x0000000086e00000, 0x0000000086e00000| Untracked 
| 110|0x0000000086e00000, 0x0000000086f00000, 0x0000000086f00000|100%| O|  |TAMS 0x0000000086f00000, 0x0000000086f00000| Untracked 
| 111|0x0000000086f00000, 0x0000000087000000, 0x0000000087000000|100%| O|  |TAMS 0x0000000087000000, 0x0000000087000000| Untracked 
| 112|0x0000000087000000, 0x0000000087100000, 0x0000000087100000|100%| O|  |TAMS 0x0000000087100000, 0x0000000087100000| Untracked 
| 113|0x0000000087100000, 0x0000000087200000, 0x0000000087200000|100%| O|  |TAMS 0x0000000087200000, 0x0000000087200000| Untracked 
| 114|0x0000000087200000, 0x0000000087300000, 0x0000000087300000|100%| O|  |TAMS 0x0000000087300000, 0x0000000087300000| Untracked 
| 115|0x0000000087300000, 0x0000000087400000, 0x0000000087400000|100%| O|  |TAMS 0x0000000087400000, 0x0000000087400000| Untracked 
| 116|0x0000000087400000, 0x0000000087500000, 0x0000000087500000|100%| O|  |TAMS 0x0000000087500000, 0x0000000087500000| Untracked 
| 117|0x0000000087500000, 0x0000000087600000, 0x0000000087600000|100%| O|  |TAMS 0x0000000087600000, 0x0000000087600000| Untracked 
| 118|0x0000000087600000, 0x0000000087700000, 0x0000000087700000|100%| O|  |TAMS 0x0000000087700000, 0x0000000087700000| Untracked 
| 119|0x0000000087700000, 0x0000000087800000, 0x0000000087800000|100%| O|  |TAMS 0x0000000087700000, 0x0000000087800000| Untracked 
| 120|0x0000000087800000, 0x0000000087900000, 0x0000000087900000|100%| O|  |TAMS 0x0000000087900000, 0x0000000087900000| Untracked 
| 121|0x0000000087900000, 0x0000000087a00000, 0x0000000087a00000|100%| O|  |TAMS 0x0000000087a00000, 0x0000000087a00000| Untracked 
| 122|0x0000000087a00000, 0x0000000087b00000, 0x0000000087b00000|100%| O|  |TAMS 0x0000000087a00000, 0x0000000087a00000| Untracked 
| 123|0x0000000087b00000, 0x0000000087c00000, 0x0000000087c00000|100%| O|  |TAMS 0x0000000087c00000, 0x0000000087c00000| Untracked 
| 124|0x0000000087c00000, 0x0000000087d00000, 0x0000000087d00000|100%| O|  |TAMS 0x0000000087d00000, 0x0000000087d00000| Untracked 
| 125|0x0000000087d00000, 0x0000000087e00000, 0x0000000087e00000|100%| O|  |TAMS 0x0000000087e00000, 0x0000000087e00000| Untracked 
| 126|0x0000000087e00000, 0x0000000087f00000, 0x0000000087f00000|100%| O|  |TAMS 0x0000000087e00000, 0x0000000087e00000| Untracked 
| 127|0x0000000087f00000, 0x0000000088000000, 0x0000000088000000|100%| O|  |TAMS 0x0000000087f00000, 0x0000000087f00000| Untracked 
| 128|0x0000000088000000, 0x0000000088100000, 0x0000000088100000|100%| O|  |TAMS 0x0000000088100000, 0x0000000088100000| Untracked 
| 129|0x0000000088100000, 0x0000000088200000, 0x0000000088200000|100%| O|  |TAMS 0x0000000088100000, 0x0000000088200000| Untracked 
| 130|0x0000000088200000, 0x0000000088300000, 0x0000000088300000|100%| O|  |TAMS 0x0000000088300000, 0x0000000088300000| Untracked 
| 131|0x0000000088300000, 0x0000000088400000, 0x0000000088400000|100%| O|  |TAMS 0x0000000088300000, 0x0000000088400000| Untracked 
| 132|0x0000000088400000, 0x0000000088500000, 0x0000000088500000|100%| O|  |TAMS 0x0000000088400000, 0x0000000088400000| Untracked 
| 133|0x0000000088500000, 0x0000000088600000, 0x0000000088600000|100%| O|  |TAMS 0x0000000088600000, 0x0000000088600000| Untracked 
| 134|0x0000000088600000, 0x0000000088700000, 0x0000000088700000|100%| O|  |TAMS 0x0000000088700000, 0x0000000088700000| Untracked 
| 135|0x0000000088700000, 0x0000000088800000, 0x0000000088800000|100%| O|  |TAMS 0x0000000088800000, 0x0000000088800000| Untracked 
| 136|0x0000000088800000, 0x0000000088900000, 0x0000000088900000|100%| O|  |TAMS 0x0000000088800000, 0x0000000088800000| Untracked 
| 137|0x0000000088900000, 0x0000000088a00000, 0x0000000088a00000|100%| O|  |TAMS 0x0000000088900000, 0x0000000088900000| Untracked 
| 138|0x0000000088a00000, 0x0000000088b00000, 0x0000000088b00000|100%| O|  |TAMS 0x0000000088b00000, 0x0000000088b00000| Untracked 
| 139|0x0000000088b00000, 0x0000000088c00000, 0x0000000088c00000|100%| O|  |TAMS 0x0000000088c00000, 0x0000000088c00000| Untracked 
| 140|0x0000000088c00000, 0x0000000088d00000, 0x0000000088d00000|100%| O|  |TAMS 0x0000000088d00000, 0x0000000088d00000| Untracked 
| 141|0x0000000088d00000, 0x0000000088e00000, 0x0000000088e00000|100%| O|  |TAMS 0x0000000088e00000, 0x0000000088e00000| Untracked 
| 142|0x0000000088e00000, 0x0000000088f00000, 0x0000000088f00000|100%| O|  |TAMS 0x0000000088f00000, 0x0000000088f00000| Untracked 
| 143|0x0000000088f00000, 0x0000000089000000, 0x0000000089000000|100%| O|  |TAMS 0x0000000089000000, 0x0000000089000000| Untracked 
| 144|0x0000000089000000, 0x0000000089100000, 0x0000000089100000|100%| O|  |TAMS 0x0000000089100000, 0x0000000089100000| Untracked 
| 145|0x0000000089100000, 0x0000000089200000, 0x0000000089200000|100%| O|  |TAMS 0x0000000089200000, 0x0000000089200000| Untracked 
| 146|0x0000000089200000, 0x0000000089300000, 0x0000000089300000|100%| O|  |TAMS 0x0000000089300000, 0x0000000089300000| Untracked 
| 147|0x0000000089300000, 0x0000000089400000, 0x0000000089400000|100%| O|  |TAMS 0x0000000089400000, 0x0000000089400000| Untracked 
| 148|0x0000000089400000, 0x0000000089500000, 0x0000000089500000|100%| O|  |TAMS 0x0000000089500000, 0x0000000089500000| Untracked 
| 149|0x0000000089500000, 0x0000000089600000, 0x0000000089600000|100%|HS|  |TAMS 0x0000000089600000, 0x0000000089600000| Complete 
| 150|0x0000000089600000, 0x0000000089700000, 0x0000000089700000|100%| O|  |TAMS 0x0000000089700000, 0x0000000089700000| Untracked 
| 151|0x0000000089700000, 0x0000000089800000, 0x0000000089800000|100%| O|  |TAMS 0x0000000089800000, 0x0000000089800000| Untracked 
| 152|0x0000000089800000, 0x0000000089900000, 0x0000000089900000|100%| O|  |TAMS 0x0000000089900000, 0x0000000089900000| Untracked 
| 153|0x0000000089900000, 0x0000000089a00000, 0x0000000089a00000|100%| O|  |TAMS 0x0000000089a00000, 0x0000000089a00000| Untracked 
| 154|0x0000000089a00000, 0x0000000089b00000, 0x0000000089b00000|100%| O|  |TAMS 0x0000000089b00000, 0x0000000089b00000| Untracked 
| 155|0x0000000089b00000, 0x0000000089c00000, 0x0000000089c00000|100%| O|  |TAMS 0x0000000089c00000, 0x0000000089c00000| Untracked 
| 156|0x0000000089c00000, 0x0000000089d00000, 0x0000000089d00000|100%| O|  |TAMS 0x0000000089c00000, 0x0000000089c00000| Untracked 
| 157|0x0000000089d00000, 0x0000000089e00000, 0x0000000089e00000|100%| O|  |TAMS 0x0000000089e00000, 0x0000000089e00000| Untracked 
| 158|0x0000000089e00000, 0x0000000089f00000, 0x0000000089f00000|100%| O|  |TAMS 0x0000000089f00000, 0x0000000089f00000| Untracked 
| 159|0x0000000089f00000, 0x000000008a000000, 0x000000008a000000|100%| O|  |TAMS 0x000000008a000000, 0x000000008a000000| Untracked 
| 160|0x000000008a000000, 0x000000008a100000, 0x000000008a100000|100%| O|  |TAMS 0x000000008a100000, 0x000000008a100000| Untracked 
| 161|0x000000008a100000, 0x000000008a200000, 0x000000008a200000|100%| O|  |TAMS 0x000000008a200000, 0x000000008a200000| Untracked 
| 162|0x000000008a200000, 0x000000008a300000, 0x000000008a300000|100%| O|  |TAMS 0x000000008a300000, 0x000000008a300000| Untracked 
| 163|0x000000008a300000, 0x000000008a400000, 0x000000008a400000|100%| O|  |TAMS 0x000000008a400000, 0x000000008a400000| Untracked 
| 164|0x000000008a400000, 0x000000008a500000, 0x000000008a500000|100%| O|  |TAMS 0x000000008a500000, 0x000000008a500000| Untracked 
| 165|0x000000008a500000, 0x000000008a600000, 0x000000008a600000|100%| O|  |TAMS 0x000000008a600000, 0x000000008a600000| Untracked 
| 166|0x000000008a600000, 0x000000008a700000, 0x000000008a700000|100%| O|  |TAMS 0x000000008a700000, 0x000000008a700000| Untracked 
| 167|0x000000008a700000, 0x000000008a800000, 0x000000008a800000|100%| O|  |TAMS 0x000000008a800000, 0x000000008a800000| Untracked 
| 168|0x000000008a800000, 0x000000008a900000, 0x000000008a900000|100%| O|  |TAMS 0x000000008a900000, 0x000000008a900000| Untracked 
| 169|0x000000008a900000, 0x000000008aa00000, 0x000000008aa00000|100%| O|  |TAMS 0x000000008aa00000, 0x000000008aa00000| Untracked 
| 170|0x000000008aa00000, 0x000000008aa00000, 0x000000008ab00000|  0%| F|  |TAMS 0x000000008aa00000, 0x000000008aa00000| Untracked 
| 171|0x000000008ab00000, 0x000000008ab00000, 0x000000008ac00000|  0%| F|  |TAMS 0x000000008ab00000, 0x000000008ab00000| Untracked 
| 172|0x000000008ac00000, 0x000000008ac00000, 0x000000008ad00000|  0%| F|  |TAMS 0x000000008ac00000, 0x000000008ac00000| Untracked 
| 173|0x000000008ad00000, 0x000000008ad00000, 0x000000008ae00000|  0%| F|  |TAMS 0x000000008ad00000, 0x000000008ad00000| Untracked 
| 174|0x000000008ae00000, 0x000000008ae00000, 0x000000008af00000|  0%| F|  |TAMS 0x000000008ae00000, 0x000000008ae00000| Untracked 
| 175|0x000000008af00000, 0x000000008af00000, 0x000000008b000000|  0%| F|  |TAMS 0x000000008af00000, 0x000000008af00000| Untracked 
| 176|0x000000008b000000, 0x000000008b100000, 0x000000008b100000|100%| O|  |TAMS 0x000000008b100000, 0x000000008b100000| Untracked 
| 177|0x000000008b100000, 0x000000008b200000, 0x000000008b200000|100%| O|  |TAMS 0x000000008b200000, 0x000000008b200000| Untracked 
| 178|0x000000008b200000, 0x000000008b300000, 0x000000008b300000|100%| O|  |TAMS 0x000000008b300000, 0x000000008b300000| Untracked 
| 179|0x000000008b300000, 0x000000008b400000, 0x000000008b400000|100%| O|  |TAMS 0x000000008b300000, 0x000000008b300000| Untracked 
| 180|0x000000008b400000, 0x000000008b500000, 0x000000008b500000|100%| O|  |TAMS 0x000000008b400000, 0x000000008b400000| Untracked 
| 181|0x000000008b500000, 0x000000008b600000, 0x000000008b600000|100%| O|  |TAMS 0x000000008b500000, 0x000000008b500000| Untracked 
| 182|0x000000008b600000, 0x000000008b700000, 0x000000008b700000|100%| O|  |TAMS 0x000000008b700000, 0x000000008b700000| Untracked 
| 183|0x000000008b700000, 0x000000008b800000, 0x000000008b800000|100%| O|  |TAMS 0x000000008b800000, 0x000000008b800000| Untracked 
| 184|0x000000008b800000, 0x000000008b900000, 0x000000008b900000|100%| O|  |TAMS 0x000000008b900000, 0x000000008b900000| Untracked 
| 185|0x000000008b900000, 0x000000008ba00000, 0x000000008ba00000|100%| O|  |TAMS 0x000000008ba00000, 0x000000008ba00000| Untracked 
| 186|0x000000008ba00000, 0x000000008bb00000, 0x000000008bb00000|100%| O|  |TAMS 0x000000008bb00000, 0x000000008bb00000| Untracked 
| 187|0x000000008bb00000, 0x000000008bc00000, 0x000000008bc00000|100%| O|  |TAMS 0x000000008bc00000, 0x000000008bc00000| Untracked 
| 188|0x000000008bc00000, 0x000000008bd00000, 0x000000008bd00000|100%| O|  |TAMS 0x000000008bd00000, 0x000000008bd00000| Untracked 
| 189|0x000000008bd00000, 0x000000008be00000, 0x000000008be00000|100%| O|  |TAMS 0x000000008be00000, 0x000000008be00000| Untracked 
| 190|0x000000008be00000, 0x000000008bf00000, 0x000000008bf00000|100%| O|  |TAMS 0x000000008bf00000, 0x000000008bf00000| Untracked 
| 191|0x000000008bf00000, 0x000000008c000000, 0x000000008c000000|100%| O|  |TAMS 0x000000008c000000, 0x000000008c000000| Untracked 
| 192|0x000000008c000000, 0x000000008c100000, 0x000000008c100000|100%| O|  |TAMS 0x000000008c100000, 0x000000008c100000| Untracked 
| 193|0x000000008c100000, 0x000000008c200000, 0x000000008c200000|100%| O|  |TAMS 0x000000008c200000, 0x000000008c200000| Untracked 
| 194|0x000000008c200000, 0x000000008c300000, 0x000000008c300000|100%| O|  |TAMS 0x000000008c300000, 0x000000008c300000| Untracked 
| 195|0x000000008c300000, 0x000000008c400000, 0x000000008c400000|100%| O|  |TAMS 0x000000008c400000, 0x000000008c400000| Untracked 
| 196|0x000000008c400000, 0x000000008c500000, 0x000000008c500000|100%| O|  |TAMS 0x000000008c500000, 0x000000008c500000| Untracked 
| 197|0x000000008c500000, 0x000000008c600000, 0x000000008c600000|100%| O|  |TAMS 0x000000008c600000, 0x000000008c600000| Untracked 
| 198|0x000000008c600000, 0x000000008c700000, 0x000000008c700000|100%| O|  |TAMS 0x000000008c600000, 0x000000008c600000| Untracked 
| 199|0x000000008c700000, 0x000000008c800000, 0x000000008c800000|100%| O|  |TAMS 0x000000008c72f800, 0x000000008c800000| Untracked 
| 200|0x000000008c800000, 0x000000008c900000, 0x000000008c900000|100%| O|  |TAMS 0x000000008c800000, 0x000000008c900000| Untracked 
| 201|0x000000008c900000, 0x000000008ca00000, 0x000000008ca00000|100%| O|  |TAMS 0x000000008c900000, 0x000000008ca00000| Untracked 
| 202|0x000000008ca00000, 0x000000008cb00000, 0x000000008cb00000|100%| O|  |TAMS 0x000000008ca00000, 0x000000008cb00000| Untracked 
| 203|0x000000008cb00000, 0x000000008cc00000, 0x000000008cc00000|100%| O|  |TAMS 0x000000008cb00000, 0x000000008cc00000| Untracked 
| 204|0x000000008cc00000, 0x000000008cd00000, 0x000000008cd00000|100%| O|  |TAMS 0x000000008cc00000, 0x000000008cd00000| Untracked 
| 205|0x000000008cd00000, 0x000000008ce00000, 0x000000008ce00000|100%| O|  |TAMS 0x000000008cd00000, 0x000000008ce00000| Untracked 
| 206|0x000000008ce00000, 0x000000008cf00000, 0x000000008cf00000|100%| O|  |TAMS 0x000000008ce00000, 0x000000008cf00000| Untracked 
| 207|0x000000008cf00000, 0x000000008d000000, 0x000000008d000000|100%| O|  |TAMS 0x000000008cf00000, 0x000000008d000000| Untracked 
| 208|0x000000008d000000, 0x000000008d100000, 0x000000008d100000|100%| O|  |TAMS 0x000000008d000000, 0x000000008d100000| Untracked 
| 209|0x000000008d100000, 0x000000008d200000, 0x000000008d200000|100%| O|  |TAMS 0x000000008d200000, 0x000000008d200000| Untracked 
| 210|0x000000008d200000, 0x000000008d300000, 0x000000008d300000|100%| O|  |TAMS 0x000000008d300000, 0x000000008d300000| Untracked 
| 211|0x000000008d300000, 0x000000008d400000, 0x000000008d400000|100%| O|  |TAMS 0x000000008d400000, 0x000000008d400000| Untracked 
| 212|0x000000008d400000, 0x000000008d500000, 0x000000008d500000|100%| O|  |TAMS 0x000000008d500000, 0x000000008d500000| Untracked 
| 213|0x000000008d500000, 0x000000008d600000, 0x000000008d600000|100%| O|  |TAMS 0x000000008d600000, 0x000000008d600000| Untracked 
| 214|0x000000008d600000, 0x000000008d648800, 0x000000008d700000| 28%| O|  |TAMS 0x000000008d600000, 0x000000008d600000| Untracked 
| 215|0x000000008d700000, 0x000000008d800000, 0x000000008d800000|100%| O|  |TAMS 0x000000008d700000, 0x000000008d800000| Untracked 
| 216|0x000000008d800000, 0x000000008d900000, 0x000000008d900000|100%| O|  |TAMS 0x000000008d900000, 0x000000008d900000| Untracked 
| 217|0x000000008d900000, 0x000000008da00000, 0x000000008da00000|100%| O|  |TAMS 0x000000008d900000, 0x000000008da00000| Untracked 
| 218|0x000000008da00000, 0x000000008db00000, 0x000000008db00000|100%| O|  |TAMS 0x000000008da00000, 0x000000008db00000| Untracked 
| 219|0x000000008db00000, 0x000000008dc00000, 0x000000008dc00000|100%| O|  |TAMS 0x000000008db00000, 0x000000008dc00000| Untracked 
| 220|0x000000008dc00000, 0x000000008dd00000, 0x000000008dd00000|100%| O|  |TAMS 0x000000008dc00000, 0x000000008dd00000| Untracked 
| 221|0x000000008dd00000, 0x000000008de00000, 0x000000008de00000|100%| O|  |TAMS 0x000000008dd00000, 0x000000008de00000| Untracked 
| 222|0x000000008de00000, 0x000000008df00000, 0x000000008df00000|100%| O|  |TAMS 0x000000008de00000, 0x000000008df00000| Untracked 
| 223|0x000000008df00000, 0x000000008e000000, 0x000000008e000000|100%| O|  |TAMS 0x000000008df00000, 0x000000008e000000| Untracked 
| 224|0x000000008e000000, 0x000000008e100000, 0x000000008e100000|100%| O|  |TAMS 0x000000008e000000, 0x000000008e100000| Untracked 
| 225|0x000000008e100000, 0x000000008e200000, 0x000000008e200000|100%| O|  |TAMS 0x000000008e100000, 0x000000008e200000| Untracked 
| 226|0x000000008e200000, 0x000000008e300000, 0x000000008e300000|100%| O|  |TAMS 0x000000008e200000, 0x000000008e300000| Untracked 
| 227|0x000000008e300000, 0x000000008e400000, 0x000000008e400000|100%| O|  |TAMS 0x000000008e300000, 0x000000008e400000| Untracked 
| 228|0x000000008e400000, 0x000000008e500000, 0x000000008e500000|100%| O|  |TAMS 0x000000008e400000, 0x000000008e500000| Untracked 
| 229|0x000000008e500000, 0x000000008e600000, 0x000000008e600000|100%| O|  |TAMS 0x000000008e500000, 0x000000008e5d3c00| Untracked 
| 230|0x000000008e600000, 0x000000008e600000, 0x000000008e700000|  0%| F|  |TAMS 0x000000008e600000, 0x000000008e600000| Untracked 
| 231|0x000000008e700000, 0x000000008e700000, 0x000000008e800000|  0%| F|  |TAMS 0x000000008e700000, 0x000000008e700000| Untracked 
| 232|0x000000008e800000, 0x000000008e800000, 0x000000008e900000|  0%| F|  |TAMS 0x000000008e800000, 0x000000008e800000| Untracked 
| 233|0x000000008e900000, 0x000000008e900000, 0x000000008ea00000|  0%| F|  |TAMS 0x000000008e900000, 0x000000008e900000| Untracked 
| 234|0x000000008ea00000, 0x000000008ea00000, 0x000000008eb00000|  0%| F|  |TAMS 0x000000008ea00000, 0x000000008ea00000| Untracked 
| 235|0x000000008eb00000, 0x000000008eb00000, 0x000000008ec00000|  0%| F|  |TAMS 0x000000008eb00000, 0x000000008eb00000| Untracked 
| 236|0x000000008ec00000, 0x000000008ec00000, 0x000000008ed00000|  0%| F|  |TAMS 0x000000008ec00000, 0x000000008ec00000| Untracked 
| 237|0x000000008ed00000, 0x000000008ed00000, 0x000000008ee00000|  0%| F|  |TAMS 0x000000008ed00000, 0x000000008ed00000| Untracked 
| 238|0x000000008ee00000, 0x000000008ee00000, 0x000000008ef00000|  0%| F|  |TAMS 0x000000008ee00000, 0x000000008ee00000| Untracked 
| 239|0x000000008ef00000, 0x000000008ef00000, 0x000000008f000000|  0%| F|  |TAMS 0x000000008ef00000, 0x000000008ef00000| Untracked 
| 240|0x000000008f000000, 0x000000008f000000, 0x000000008f100000|  0%| F|  |TAMS 0x000000008f000000, 0x000000008f000000| Untracked 
| 241|0x000000008f100000, 0x000000008f100000, 0x000000008f200000|  0%| F|  |TAMS 0x000000008f100000, 0x000000008f100000| Untracked 
| 242|0x000000008f200000, 0x000000008f200000, 0x000000008f300000|  0%| F|  |TAMS 0x000000008f200000, 0x000000008f200000| Untracked 
| 243|0x000000008f300000, 0x000000008f300000, 0x000000008f400000|  0%| F|  |TAMS 0x000000008f300000, 0x000000008f300000| Untracked 
| 244|0x000000008f400000, 0x000000008f400000, 0x000000008f500000|  0%| F|  |TAMS 0x000000008f400000, 0x000000008f400000| Untracked 
| 245|0x000000008f500000, 0x000000008f500000, 0x000000008f600000|  0%| F|  |TAMS 0x000000008f500000, 0x000000008f500000| Untracked 
| 246|0x000000008f600000, 0x000000008f600000, 0x000000008f700000|  0%| F|  |TAMS 0x000000008f600000, 0x000000008f600000| Untracked 
| 247|0x000000008f700000, 0x000000008f700000, 0x000000008f800000|  0%| F|  |TAMS 0x000000008f700000, 0x000000008f700000| Untracked 
| 248|0x000000008f800000, 0x000000008f800000, 0x000000008f900000|  0%| F|  |TAMS 0x000000008f800000, 0x000000008f800000| Untracked 
| 249|0x000000008f900000, 0x000000008f900000, 0x000000008fa00000|  0%| F|  |TAMS 0x000000008f900000, 0x000000008f900000| Untracked 
| 250|0x000000008fa00000, 0x000000008fa00000, 0x000000008fb00000|  0%| F|  |TAMS 0x000000008fa00000, 0x000000008fa00000| Untracked 
| 251|0x000000008fb00000, 0x000000008fb00000, 0x000000008fc00000|  0%| F|  |TAMS 0x000000008fb00000, 0x000000008fb00000| Untracked 
| 252|0x000000008fc00000, 0x000000008fc00000, 0x000000008fd00000|  0%| F|  |TAMS 0x000000008fc00000, 0x000000008fc00000| Untracked 
| 253|0x000000008fd00000, 0x000000008fd00000, 0x000000008fe00000|  0%| F|  |TAMS 0x000000008fd00000, 0x000000008fd00000| Untracked 
| 254|0x000000008fe00000, 0x000000008fe00000, 0x000000008ff00000|  0%| F|  |TAMS 0x000000008fe00000, 0x000000008fe00000| Untracked 
| 255|0x000000008ff00000, 0x000000008ff00000, 0x0000000090000000|  0%| F|  |TAMS 0x000000008ff00000, 0x000000008ff00000| Untracked 
| 256|0x0000000090000000, 0x0000000090000000, 0x0000000090100000|  0%| F|  |TAMS 0x0000000090000000, 0x0000000090000000| Untracked 
| 257|0x0000000090100000, 0x0000000090100000, 0x0000000090200000|  0%| F|  |TAMS 0x0000000090100000, 0x0000000090100000| Untracked 
| 258|0x0000000090200000, 0x0000000090200000, 0x0000000090300000|  0%| F|  |TAMS 0x0000000090200000, 0x0000000090200000| Untracked 
| 259|0x0000000090300000, 0x0000000090300000, 0x0000000090400000|  0%| F|  |TAMS 0x0000000090300000, 0x0000000090300000| Untracked 
| 260|0x0000000090400000, 0x0000000090400000, 0x0000000090500000|  0%| F|  |TAMS 0x0000000090400000, 0x0000000090400000| Untracked 
| 261|0x0000000090500000, 0x0000000090500000, 0x0000000090600000|  0%| F|  |TAMS 0x0000000090500000, 0x0000000090500000| Untracked 
| 262|0x0000000090600000, 0x0000000090600000, 0x0000000090700000|  0%| F|  |TAMS 0x0000000090600000, 0x0000000090600000| Untracked 
| 263|0x0000000090700000, 0x0000000090700000, 0x0000000090800000|  0%| F|  |TAMS 0x0000000090700000, 0x0000000090700000| Untracked 
| 264|0x0000000090800000, 0x0000000090800000, 0x0000000090900000|  0%| F|  |TAMS 0x0000000090800000, 0x0000000090800000| Untracked 
| 265|0x0000000090900000, 0x0000000090900000, 0x0000000090a00000|  0%| F|  |TAMS 0x0000000090900000, 0x0000000090900000| Untracked 
| 266|0x0000000090a00000, 0x0000000090a00000, 0x0000000090b00000|  0%| F|  |TAMS 0x0000000090a00000, 0x0000000090a00000| Untracked 
| 267|0x0000000090b00000, 0x0000000090b00000, 0x0000000090c00000|  0%| F|  |TAMS 0x0000000090b00000, 0x0000000090b00000| Untracked 
| 268|0x0000000090c00000, 0x0000000090c00000, 0x0000000090d00000|  0%| F|  |TAMS 0x0000000090c00000, 0x0000000090c00000| Untracked 
| 269|0x0000000090d00000, 0x0000000090d00000, 0x0000000090e00000|  0%| F|  |TAMS 0x0000000090d00000, 0x0000000090d00000| Untracked 
| 270|0x0000000090e00000, 0x0000000090e00000, 0x0000000090f00000|  0%| F|  |TAMS 0x0000000090e00000, 0x0000000090e00000| Untracked 
| 271|0x0000000090f00000, 0x0000000090f00000, 0x0000000091000000|  0%| F|  |TAMS 0x0000000090f00000, 0x0000000090f00000| Untracked 
| 272|0x0000000091000000, 0x0000000091000000, 0x0000000091100000|  0%| F|  |TAMS 0x0000000091000000, 0x0000000091000000| Untracked 
| 273|0x0000000091100000, 0x0000000091100000, 0x0000000091200000|  0%| F|  |TAMS 0x0000000091100000, 0x0000000091100000| Untracked 
| 274|0x0000000091200000, 0x0000000091200000, 0x0000000091300000|  0%| F|  |TAMS 0x0000000091200000, 0x0000000091200000| Untracked 
| 275|0x0000000091300000, 0x0000000091300000, 0x0000000091400000|  0%| F|  |TAMS 0x0000000091300000, 0x0000000091300000| Untracked 
| 276|0x0000000091400000, 0x0000000091400000, 0x0000000091500000|  0%| F|  |TAMS 0x0000000091400000, 0x0000000091400000| Untracked 
| 277|0x0000000091500000, 0x0000000091500000, 0x0000000091600000|  0%| F|  |TAMS 0x0000000091500000, 0x0000000091500000| Untracked 
| 278|0x0000000091600000, 0x0000000091600000, 0x0000000091700000|  0%| F|  |TAMS 0x0000000091600000, 0x0000000091600000| Untracked 
| 279|0x0000000091700000, 0x0000000091700000, 0x0000000091800000|  0%| F|  |TAMS 0x0000000091700000, 0x0000000091700000| Untracked 
| 280|0x0000000091800000, 0x0000000091800000, 0x0000000091900000|  0%| F|  |TAMS 0x0000000091800000, 0x0000000091800000| Untracked 
| 281|0x0000000091900000, 0x0000000091900000, 0x0000000091a00000|  0%| F|  |TAMS 0x0000000091900000, 0x0000000091900000| Untracked 
| 282|0x0000000091a00000, 0x0000000091a00000, 0x0000000091b00000|  0%| F|  |TAMS 0x0000000091a00000, 0x0000000091a00000| Untracked 
| 283|0x0000000091b00000, 0x0000000091b00000, 0x0000000091c00000|  0%| F|  |TAMS 0x0000000091b00000, 0x0000000091b00000| Untracked 
| 284|0x0000000091c00000, 0x0000000091c00000, 0x0000000091d00000|  0%| F|  |TAMS 0x0000000091c00000, 0x0000000091c00000| Untracked 
| 285|0x0000000091d00000, 0x0000000091d00000, 0x0000000091e00000|  0%| F|  |TAMS 0x0000000091d00000, 0x0000000091d00000| Untracked 
| 286|0x0000000091e00000, 0x0000000091e00000, 0x0000000091f00000|  0%| F|  |TAMS 0x0000000091e00000, 0x0000000091e00000| Untracked 
| 287|0x0000000091f00000, 0x0000000091f00000, 0x0000000092000000|  0%| F|  |TAMS 0x0000000091f00000, 0x0000000091f00000| Untracked 
| 288|0x0000000092000000, 0x0000000092000000, 0x0000000092100000|  0%| F|  |TAMS 0x0000000092000000, 0x0000000092000000| Untracked 
| 289|0x0000000092100000, 0x0000000092100000, 0x0000000092200000|  0%| F|  |TAMS 0x0000000092100000, 0x0000000092100000| Untracked 
| 290|0x0000000092200000, 0x0000000092200000, 0x0000000092300000|  0%| F|  |TAMS 0x0000000092200000, 0x0000000092200000| Untracked 
| 291|0x0000000092300000, 0x0000000092400000, 0x0000000092400000|100%| S|CS|TAMS 0x0000000092300000, 0x0000000092300000| Complete 
| 292|0x0000000092400000, 0x0000000092500000, 0x0000000092500000|100%| S|CS|TAMS 0x0000000092400000, 0x0000000092400000| Complete 
| 293|0x0000000092500000, 0x0000000092600000, 0x0000000092600000|100%| S|CS|TAMS 0x0000000092500000, 0x0000000092500000| Complete 
| 294|0x0000000092600000, 0x0000000092700000, 0x0000000092700000|100%| S|CS|TAMS 0x0000000092600000, 0x0000000092600000| Complete 
| 295|0x0000000092700000, 0x0000000092800000, 0x0000000092800000|100%| S|CS|TAMS 0x0000000092700000, 0x0000000092700000| Complete 
| 296|0x0000000092800000, 0x0000000092900000, 0x0000000092900000|100%| S|CS|TAMS 0x0000000092800000, 0x0000000092800000| Complete 
| 297|0x0000000092900000, 0x0000000092a00000, 0x0000000092a00000|100%| S|CS|TAMS 0x0000000092900000, 0x0000000092900000| Complete 
| 298|0x0000000092a00000, 0x0000000092b00000, 0x0000000092b00000|100%| S|CS|TAMS 0x0000000092a00000, 0x0000000092a00000| Complete 
| 299|0x0000000092b00000, 0x0000000092c00000, 0x0000000092c00000|100%| S|CS|TAMS 0x0000000092b00000, 0x0000000092b00000| Complete 
| 300|0x0000000092c00000, 0x0000000092d00000, 0x0000000092d00000|100%| S|CS|TAMS 0x0000000092c00000, 0x0000000092c00000| Complete 
| 301|0x0000000092d00000, 0x0000000092e00000, 0x0000000092e00000|100%| S|CS|TAMS 0x0000000092d00000, 0x0000000092d00000| Complete 
| 302|0x0000000092e00000, 0x0000000092f00000, 0x0000000092f00000|100%| S|CS|TAMS 0x0000000092e00000, 0x0000000092e00000| Complete 
| 303|0x0000000092f00000, 0x0000000092f00000, 0x0000000093000000|  0%| F|  |TAMS 0x0000000092f00000, 0x0000000092f00000| Untracked 
| 304|0x0000000093000000, 0x0000000093000000, 0x0000000093100000|  0%| F|  |TAMS 0x0000000093000000, 0x0000000093000000| Untracked 
| 305|0x0000000093100000, 0x0000000093100000, 0x0000000093200000|  0%| F|  |TAMS 0x0000000093100000, 0x0000000093100000| Untracked 
| 306|0x0000000093200000, 0x0000000093200000, 0x0000000093300000|  0%| F|  |TAMS 0x0000000093200000, 0x0000000093200000| Untracked 
| 307|0x0000000093300000, 0x0000000093300000, 0x0000000093400000|  0%| F|  |TAMS 0x0000000093300000, 0x0000000093300000| Untracked 
| 308|0x0000000093400000, 0x0000000093400000, 0x0000000093500000|  0%| F|  |TAMS 0x0000000093400000, 0x0000000093400000| Untracked 
| 309|0x0000000093500000, 0x0000000093500000, 0x0000000093600000|  0%| F|  |TAMS 0x0000000093500000, 0x0000000093500000| Untracked 
| 310|0x0000000093600000, 0x0000000093600000, 0x0000000093700000|  0%| F|  |TAMS 0x0000000093600000, 0x0000000093600000| Untracked 
| 311|0x0000000093700000, 0x0000000093700000, 0x0000000093800000|  0%| F|  |TAMS 0x0000000093700000, 0x0000000093700000| Untracked 
| 312|0x0000000093800000, 0x0000000093800000, 0x0000000093900000|  0%| F|  |TAMS 0x0000000093800000, 0x0000000093800000| Untracked 
| 313|0x0000000093900000, 0x0000000093900000, 0x0000000093a00000|  0%| F|  |TAMS 0x0000000093900000, 0x0000000093900000| Untracked 
| 314|0x0000000093a00000, 0x0000000093a00000, 0x0000000093b00000|  0%| F|  |TAMS 0x0000000093a00000, 0x0000000093a00000| Untracked 
| 315|0x0000000093b00000, 0x0000000093b00000, 0x0000000093c00000|  0%| F|  |TAMS 0x0000000093b00000, 0x0000000093b00000| Untracked 
| 316|0x0000000093c00000, 0x0000000093c00000, 0x0000000093d00000|  0%| F|  |TAMS 0x0000000093c00000, 0x0000000093c00000| Untracked 
| 317|0x0000000093d00000, 0x0000000093d00000, 0x0000000093e00000|  0%| F|  |TAMS 0x0000000093d00000, 0x0000000093d00000| Untracked 
| 318|0x0000000093e00000, 0x0000000093e00000, 0x0000000093f00000|  0%| F|  |TAMS 0x0000000093e00000, 0x0000000093e00000| Untracked 
| 319|0x0000000093f00000, 0x0000000093f00000, 0x0000000094000000|  0%| F|  |TAMS 0x0000000093f00000, 0x0000000093f00000| Untracked 
| 320|0x0000000094000000, 0x0000000094000000, 0x0000000094100000|  0%| F|  |TAMS 0x0000000094000000, 0x0000000094000000| Untracked 
| 321|0x0000000094100000, 0x0000000094100000, 0x0000000094200000|  0%| F|  |TAMS 0x0000000094100000, 0x0000000094100000| Untracked 
| 322|0x0000000094200000, 0x0000000094200000, 0x0000000094300000|  0%| F|  |TAMS 0x0000000094200000, 0x0000000094200000| Untracked 
| 323|0x0000000094300000, 0x0000000094300000, 0x0000000094400000|  0%| F|  |TAMS 0x0000000094300000, 0x0000000094300000| Untracked 
| 324|0x0000000094400000, 0x0000000094400000, 0x0000000094500000|  0%| F|  |TAMS 0x0000000094400000, 0x0000000094400000| Untracked 
| 325|0x0000000094500000, 0x0000000094500000, 0x0000000094600000|  0%| F|  |TAMS 0x0000000094500000, 0x0000000094500000| Untracked 
| 326|0x0000000094600000, 0x0000000094600000, 0x0000000094700000|  0%| F|  |TAMS 0x0000000094600000, 0x0000000094600000| Untracked 
| 327|0x0000000094700000, 0x0000000094700000, 0x0000000094800000|  0%| F|  |TAMS 0x0000000094700000, 0x0000000094700000| Untracked 
| 328|0x0000000094800000, 0x0000000094800000, 0x0000000094900000|  0%| F|  |TAMS 0x0000000094800000, 0x0000000094800000| Untracked 
| 329|0x0000000094900000, 0x0000000094900000, 0x0000000094a00000|  0%| F|  |TAMS 0x0000000094900000, 0x0000000094900000| Untracked 
| 330|0x0000000094a00000, 0x0000000094a00000, 0x0000000094b00000|  0%| F|  |TAMS 0x0000000094a00000, 0x0000000094a00000| Untracked 
| 331|0x0000000094b00000, 0x0000000094b00000, 0x0000000094c00000|  0%| F|  |TAMS 0x0000000094b00000, 0x0000000094b00000| Untracked 
| 332|0x0000000094c00000, 0x0000000094c00000, 0x0000000094d00000|  0%| F|  |TAMS 0x0000000094c00000, 0x0000000094c00000| Untracked 
| 333|0x0000000094d00000, 0x0000000094d00000, 0x0000000094e00000|  0%| F|  |TAMS 0x0000000094d00000, 0x0000000094d00000| Untracked 
| 334|0x0000000094e00000, 0x0000000094e00000, 0x0000000094f00000|  0%| F|  |TAMS 0x0000000094e00000, 0x0000000094e00000| Untracked 
| 335|0x0000000094f00000, 0x0000000094f00000, 0x0000000095000000|  0%| F|  |TAMS 0x0000000094f00000, 0x0000000094f00000| Untracked 
| 336|0x0000000095000000, 0x0000000095000000, 0x0000000095100000|  0%| F|  |TAMS 0x0000000095000000, 0x0000000095000000| Untracked 
| 337|0x0000000095100000, 0x0000000095100000, 0x0000000095200000|  0%| F|  |TAMS 0x0000000095100000, 0x0000000095100000| Untracked 
| 338|0x0000000095200000, 0x0000000095200000, 0x0000000095300000|  0%| F|  |TAMS 0x0000000095200000, 0x0000000095200000| Untracked 
| 339|0x0000000095300000, 0x0000000095300000, 0x0000000095400000|  0%| F|  |TAMS 0x0000000095300000, 0x0000000095300000| Untracked 
| 340|0x0000000095400000, 0x0000000095400000, 0x0000000095500000|  0%| F|  |TAMS 0x0000000095400000, 0x0000000095400000| Untracked 
| 341|0x0000000095500000, 0x0000000095500000, 0x0000000095600000|  0%| F|  |TAMS 0x0000000095500000, 0x0000000095500000| Untracked 
| 342|0x0000000095600000, 0x0000000095600000, 0x0000000095700000|  0%| F|  |TAMS 0x0000000095600000, 0x0000000095600000| Untracked 
| 343|0x0000000095700000, 0x0000000095700000, 0x0000000095800000|  0%| F|  |TAMS 0x0000000095700000, 0x0000000095700000| Untracked 
| 344|0x0000000095800000, 0x0000000095800000, 0x0000000095900000|  0%| F|  |TAMS 0x0000000095800000, 0x0000000095800000| Untracked 
| 345|0x0000000095900000, 0x0000000095900000, 0x0000000095a00000|  0%| F|  |TAMS 0x0000000095900000, 0x0000000095900000| Untracked 
| 346|0x0000000095a00000, 0x0000000095a00000, 0x0000000095b00000|  0%| F|  |TAMS 0x0000000095a00000, 0x0000000095a00000| Untracked 
| 347|0x0000000095b00000, 0x0000000095b00000, 0x0000000095c00000|  0%| F|  |TAMS 0x0000000095b00000, 0x0000000095b00000| Untracked 
| 348|0x0000000095c00000, 0x0000000095c00000, 0x0000000095d00000|  0%| F|  |TAMS 0x0000000095c00000, 0x0000000095c00000| Untracked 
| 349|0x0000000095d00000, 0x0000000095d00000, 0x0000000095e00000|  0%| F|  |TAMS 0x0000000095d00000, 0x0000000095d00000| Untracked 
| 350|0x0000000095e00000, 0x0000000095e00000, 0x0000000095f00000|  0%| F|  |TAMS 0x0000000095e00000, 0x0000000095e00000| Untracked 
| 351|0x0000000095f00000, 0x0000000095f00000, 0x0000000096000000|  0%| F|  |TAMS 0x0000000095f00000, 0x0000000095f00000| Untracked 
| 352|0x0000000096000000, 0x0000000096000000, 0x0000000096100000|  0%| F|  |TAMS 0x0000000096000000, 0x0000000096000000| Untracked 
| 353|0x0000000096100000, 0x0000000096100000, 0x0000000096200000|  0%| F|  |TAMS 0x0000000096100000, 0x0000000096100000| Untracked 
| 354|0x0000000096200000, 0x0000000096200000, 0x0000000096300000|  0%| F|  |TAMS 0x0000000096200000, 0x0000000096200000| Untracked 
| 355|0x0000000096300000, 0x0000000096300000, 0x0000000096400000|  0%| F|  |TAMS 0x0000000096300000, 0x0000000096300000| Untracked 
| 356|0x0000000096400000, 0x0000000096400000, 0x0000000096500000|  0%| F|  |TAMS 0x0000000096400000, 0x0000000096400000| Untracked 
| 357|0x0000000096500000, 0x0000000096500000, 0x0000000096600000|  0%| F|  |TAMS 0x0000000096500000, 0x0000000096500000| Untracked 
| 358|0x0000000096600000, 0x0000000096600000, 0x0000000096700000|  0%| F|  |TAMS 0x0000000096600000, 0x0000000096600000| Untracked 
| 359|0x0000000096700000, 0x0000000096700000, 0x0000000096800000|  0%| F|  |TAMS 0x0000000096700000, 0x0000000096700000| Untracked 
| 360|0x0000000096800000, 0x0000000096800000, 0x0000000096900000|  0%| F|  |TAMS 0x0000000096800000, 0x0000000096800000| Untracked 
| 361|0x0000000096900000, 0x0000000096900000, 0x0000000096a00000|  0%| F|  |TAMS 0x0000000096900000, 0x0000000096900000| Untracked 
| 362|0x0000000096a00000, 0x0000000096a00000, 0x0000000096b00000|  0%| F|  |TAMS 0x0000000096a00000, 0x0000000096a00000| Untracked 
| 363|0x0000000096b00000, 0x0000000096b00000, 0x0000000096c00000|  0%| F|  |TAMS 0x0000000096b00000, 0x0000000096b00000| Untracked 
| 364|0x0000000096c00000, 0x0000000096c00000, 0x0000000096d00000|  0%| F|  |TAMS 0x0000000096c00000, 0x0000000096c00000| Untracked 
| 365|0x0000000096d00000, 0x0000000096d00000, 0x0000000096e00000|  0%| F|  |TAMS 0x0000000096d00000, 0x0000000096d00000| Untracked 
| 366|0x0000000096e00000, 0x0000000096e00000, 0x0000000096f00000|  0%| F|  |TAMS 0x0000000096e00000, 0x0000000096e00000| Untracked 
| 367|0x0000000096f00000, 0x0000000096f00000, 0x0000000097000000|  0%| F|  |TAMS 0x0000000096f00000, 0x0000000096f00000| Untracked 
| 368|0x0000000097000000, 0x0000000097000000, 0x0000000097100000|  0%| F|  |TAMS 0x0000000097000000, 0x0000000097000000| Untracked 
| 369|0x0000000097100000, 0x0000000097100000, 0x0000000097200000|  0%| F|  |TAMS 0x0000000097100000, 0x0000000097100000| Untracked 
| 370|0x0000000097200000, 0x0000000097200000, 0x0000000097300000|  0%| F|  |TAMS 0x0000000097200000, 0x0000000097200000| Untracked 
| 371|0x0000000097300000, 0x0000000097300000, 0x0000000097400000|  0%| F|  |TAMS 0x0000000097300000, 0x0000000097300000| Untracked 
| 372|0x0000000097400000, 0x0000000097400000, 0x0000000097500000|  0%| F|  |TAMS 0x0000000097400000, 0x0000000097400000| Untracked 
| 373|0x0000000097500000, 0x0000000097500000, 0x0000000097600000|  0%| F|  |TAMS 0x0000000097500000, 0x0000000097500000| Untracked 
| 374|0x0000000097600000, 0x0000000097600000, 0x0000000097700000|  0%| F|  |TAMS 0x0000000097600000, 0x0000000097600000| Untracked 
| 375|0x0000000097700000, 0x0000000097700000, 0x0000000097800000|  0%| F|  |TAMS 0x0000000097700000, 0x0000000097700000| Untracked 
| 376|0x0000000097800000, 0x0000000097800000, 0x0000000097900000|  0%| F|  |TAMS 0x0000000097800000, 0x0000000097800000| Untracked 
| 377|0x0000000097900000, 0x0000000097900000, 0x0000000097a00000|  0%| F|  |TAMS 0x0000000097900000, 0x0000000097900000| Untracked 
| 378|0x0000000097a00000, 0x0000000097a00000, 0x0000000097b00000|  0%| F|  |TAMS 0x0000000097a00000, 0x0000000097a00000| Untracked 
| 379|0x0000000097b00000, 0x0000000097b00000, 0x0000000097c00000|  0%| F|  |TAMS 0x0000000097b00000, 0x0000000097b00000| Untracked 
| 380|0x0000000097c00000, 0x0000000097c00000, 0x0000000097d00000|  0%| F|  |TAMS 0x0000000097c00000, 0x0000000097c00000| Untracked 
| 381|0x0000000097d00000, 0x0000000097d00000, 0x0000000097e00000|  0%| F|  |TAMS 0x0000000097d00000, 0x0000000097d00000| Untracked 
| 382|0x0000000097e00000, 0x0000000097e00000, 0x0000000097f00000|  0%| F|  |TAMS 0x0000000097e00000, 0x0000000097e00000| Untracked 
| 383|0x0000000097f00000, 0x0000000097f00000, 0x0000000098000000|  0%| F|  |TAMS 0x0000000097f00000, 0x0000000097f00000| Untracked 

Card table byte_map: [0x00000291245f0000,0x00000291249f0000] _byte_map_base: 0x00000291241f0000

Marking Bits (Prev, Next): (CMBitMap*) 0x000002910d151760, (CMBitMap*) 0x000002910d151720
 Prev Bits: [0x0000029126df0000, 0x0000029128df0000)
 Next Bits: [0x0000029124df0000, 0x0000029126df0000)

Polling page: 0x000002910ac50000

Metaspace:

Usage:
  Non-class:    137.46 MB used.
      Class:     19.98 MB used.
       Both:    157.44 MB used.

Virtual space:
  Non-class space:      192.00 MB reserved,     138.00 MB ( 72%) committed,  3 nodes.
      Class space:        1.00 GB reserved,      20.50 MB (  2%) committed,  1 nodes.
             Both:        1.19 GB reserved,     158.50 MB ( 13%) committed. 

Chunk freelists:
   Non-Class:  5.97 MB
       Class:  11.52 MB
        Both:  17.49 MB

MaxMetaspaceSize: unlimited
CompressedClassSpaceSize: 1.00 GB
Initial GC threshold: 21.00 MB
Current GC threshold: 263.88 MB
CDS: on
MetaspaceReclaimPolicy: balanced
 - commit_granule_bytes: 65536.
 - commit_granule_words: 8192.
 - virtual_space_node_default_size: 8388608.
 - enlarge_chunks_in_place: 1.
 - new_chunks_are_fully_committed: 0.
 - uncommit_free_chunks: 1.
 - use_allocation_guard: 0.
 - handle_deallocations: 1.


Internal statistics:

num_allocs_failed_limit: 12.
num_arena_births: 1614.
num_arena_deaths: 14.
num_vsnodes_births: 4.
num_vsnodes_deaths: 0.
num_space_committed: 2534.
num_space_uncommitted: 0.
num_chunks_returned_to_freelist: 32.
num_chunks_taken_from_freelist: 8135.
num_chunk_merges: 13.
num_chunk_splits: 5804.
num_chunks_enlarged: 4269.
num_inconsistent_stats: 0.

CodeHeap 'non-profiled nmethods': size=120000Kb used=13305Kb max_used=13305Kb free=106695Kb
 bounds [0x000002911c760000, 0x000002911d460000, 0x0000029123c90000]
CodeHeap 'profiled nmethods': size=120000Kb used=50430Kb max_used=50809Kb free=69569Kb
 bounds [0x0000029114c90000, 0x0000029117e40000, 0x000002911c1c0000]
CodeHeap 'non-nmethods': size=5760Kb used=2597Kb max_used=2682Kb free=3162Kb
 bounds [0x000002911c1c0000, 0x000002911c470000, 0x000002911c760000]
 total_blobs=22071 nmethods=20905 adapters=1075
 compilation: enabled
              stopped_count=0, restarted_count=0
 full_count=0

Compilation events (20 events):
Event: 564.317 Thread 0x000002912bb2a3f0 24635       3       jdk.internal.jrtfs.JrtPath::newDirectoryStream (10 bytes)
Event: 564.317 Thread 0x000002912bb2a3f0 nmethod 24635 0x0000029114ff1f90 code [0x0000029114ff2140, 0x0000029114ff22e8]
Event: 564.317 Thread 0x000002912bb2a3f0 24636       3       jdk.internal.jrtfs.JrtDirectoryStream::<init> (39 bytes)
Event: 564.318 Thread 0x000002912bb2a3f0 nmethod 24636 0x0000029114ff1590 code [0x0000029114ff1780, 0x0000029114ff1d68]
Event: 564.318 Thread 0x000002912bb2a3f0 24637       3       jdk.internal.jrtfs.JrtFileSystem::isDirectory (33 bytes)
Event: 564.318 Thread 0x000002912bb2a3f0 nmethod 24637 0x0000029114ff0f10 code [0x0000029114ff10e0, 0x0000029114ff1418]
Event: 564.318 Thread 0x000002912bb2a3f0 24638  s!   3       jdk.internal.jrtfs.JrtDirectoryStream::iterator (76 bytes)
Event: 564.318 Thread 0x000002912bb2a3f0 nmethod 24638 0x0000029114ff0110 code [0x0000029114ff0320, 0x0000029114ff0a38]
Event: 564.318 Thread 0x000002912bb2a3f0 24640       3       jdk.internal.jrtfs.JrtPath::getFileSystem (5 bytes)
Event: 564.318 Thread 0x000002912bb2a3f0 nmethod 24640 0x00000291166cfe10 code [0x00000291166cffa0, 0x00000291166d00b8]
Event: 564.319 Thread 0x000002912bb2a3f0 24639       3       jdk.internal.jrtfs.JrtFileSystem::iteratorOf (98 bytes)
Event: 564.319 Thread 0x000002917df6d1b0 24641       4       org.jetbrains.kotlin.utils.CollectionsKt::compact (66 bytes)
Event: 564.320 Thread 0x000002912bb2a3f0 nmethod 24639 0x00000291156e8b10 code [0x00000291156e8f00, 0x00000291156eaf08]
Event: 564.320 Thread 0x000002917d40c590 24642       4       org.jetbrains.kotlin.resolve.jvm.modules.JavaModuleInfo$Companion$read$1$visitModule$1::visitExport (61 bytes)
Event: 564.322 Thread 0x000002912bb2a3f0 24644   !   3       java.nio.file.Files::isDirectory (43 bytes)
Event: 564.323 Thread 0x000002912bb2a3f0 nmethod 24644 0x00000291156e7a90 code [0x00000291156e7ce0, 0x00000291156e8748]
Event: 564.325 Thread 0x000002917df6d1b0 nmethod 24641 0x000002911d45d510 code [0x000002911d45d6c0, 0x000002911d45dbf8]
Event: 564.325 Thread 0x000002917df6d1b0 24643   !   4       java.lang.Thread::blockedOn (27 bytes)
Event: 564.327 Thread 0x000002917df6d1b0 nmethod 24643 0x000002911d45df10 code [0x000002911d45e0a0, 0x000002911d45e338]
Event: 564.330 Thread 0x000002917df6d1b0 24645       4       org.jetbrains.kotlin.metadata.ProtoBuf$Annotation$Argument$Value::initFields (62 bytes)

GC Heap History (20 events):
Event: 550.991 GC heap after
{Heap after GC invocations=63 (full 0):
 garbage-first heap   total 350208K, used 159819K [0x0000000080000000, 0x0000000100000000)
  region size 1024K, 2 young (2048K), 2 survivors (2048K)
 Metaspace       used 157884K, committed 158912K, reserved 1245184K
  class space    used 20354K, committed 20864K, reserved 1048576K
}
Event: 551.062 GC heap before
{Heap before GC invocations=63 (full 0):
 garbage-first heap   total 350208K, used 162891K [0x0000000080000000, 0x0000000100000000)
  region size 1024K, 6 young (6144K), 2 survivors (2048K)
 Metaspace       used 158168K, committed 159232K, reserved 1245184K
  class space    used 20396K, committed 20928K, reserved 1048576K
}
Event: 551.066 GC heap after
{Heap after GC invocations=64 (full 0):
 garbage-first heap   total 350208K, used 158714K [0x0000000080000000, 0x0000000100000000)
  region size 1024K, 1 young (1024K), 1 survivors (1024K)
 Metaspace       used 158168K, committed 159232K, reserved 1245184K
  class space    used 20396K, committed 20928K, reserved 1048576K
}
Event: 551.822 GC heap before
{Heap before GC invocations=65 (full 0):
 garbage-first heap   total 350208K, used 309242K [0x0000000080000000, 0x0000000100000000)
  region size 1024K, 133 young (136192K), 1 survivors (1024K)
 Metaspace       used 158260K, committed 159296K, reserved 1245184K
  class space    used 20396K, committed 20928K, reserved 1048576K
}
Event: 551.844 GC heap after
{Heap after GC invocations=66 (full 0):
 garbage-first heap   total 350208K, used 198869K [0x0000000080000000, 0x0000000100000000)
  region size 1024K, 17 young (17408K), 17 survivors (17408K)
 Metaspace       used 158260K, committed 159296K, reserved 1245184K
  class space    used 20396K, committed 20928K, reserved 1048576K
}
Event: 551.847 GC heap before
{Heap before GC invocations=66 (full 0):
 garbage-first heap   total 350208K, used 199893K [0x0000000080000000, 0x0000000100000000)
  region size 1024K, 18 young (18432K), 17 survivors (17408K)
 Metaspace       used 158260K, committed 159296K, reserved 1245184K
  class space    used 20396K, committed 20928K, reserved 1048576K
}
Event: 551.864 GC heap after
{Heap after GC invocations=67 (full 0):
 garbage-first heap   total 350208K, used 189741K [0x0000000080000000, 0x0000000100000000)
  region size 1024K, 1 young (1024K), 1 survivors (1024K)
 Metaspace       used 158260K, committed 159296K, reserved 1245184K
  class space    used 20396K, committed 20928K, reserved 1048576K
}
Event: 552.761 GC heap before
{Heap before GC invocations=67 (full 0):
 garbage-first heap   total 350208K, used 277805K [0x0000000080000000, 0x0000000100000000)
  region size 1024K, 88 young (90112K), 1 survivors (1024K)
 Metaspace       used 158589K, committed 159616K, reserved 1245184K
  class space    used 20406K, committed 20928K, reserved 1048576K
}
Event: 552.770 GC heap after
{Heap after GC invocations=68 (full 0):
 garbage-first heap   total 350208K, used 200516K [0x0000000080000000, 0x0000000100000000)
  region size 1024K, 12 young (12288K), 12 survivors (12288K)
 Metaspace       used 158589K, committed 159616K, reserved 1245184K
  class space    used 20406K, committed 20928K, reserved 1048576K
}
Event: 553.481 GC heap before
{Heap before GC invocations=69 (full 0):
 garbage-first heap   total 386048K, used 284484K [0x0000000080000000, 0x0000000100000000)
  region size 1024K, 93 young (95232K), 12 survivors (12288K)
 Metaspace       used 158768K, committed 159808K, reserved 1245184K
  class space    used 20406K, committed 20928K, reserved 1048576K
}
Event: 553.492 GC heap after
{Heap after GC invocations=70 (full 0):
 garbage-first heap   total 386048K, used 209164K [0x0000000080000000, 0x0000000100000000)
  region size 1024K, 9 young (9216K), 9 survivors (9216K)
 Metaspace       used 158768K, committed 159808K, reserved 1245184K
  class space    used 20406K, committed 20928K, reserved 1048576K
}
Event: 553.744 GC heap before
{Heap before GC invocations=70 (full 0):
 garbage-first heap   total 386048K, used 218380K [0x0000000080000000, 0x0000000100000000)
  region size 1024K, 18 young (18432K), 9 survivors (9216K)
 Metaspace       used 159014K, committed 160064K, reserved 1245184K
  class space    used 20408K, committed 20928K, reserved 1048576K
}
Event: 553.753 GC heap after
{Heap after GC invocations=71 (full 0):
 garbage-first heap   total 386048K, used 208860K [0x0000000080000000, 0x0000000100000000)
  region size 1024K, 3 young (3072K), 3 survivors (3072K)
 Metaspace       used 159014K, committed 160064K, reserved 1245184K
  class space    used 20408K, committed 20928K, reserved 1048576K
}
Event: 556.640 GC heap before
{Heap before GC invocations=71 (full 0):
 garbage-first heap   total 386048K, used 310236K [0x0000000080000000, 0x0000000100000000)
  region size 1024K, 102 young (104448K), 3 survivors (3072K)
 Metaspace       used 161009K, committed 162112K, reserved 1245184K
  class space    used 20452K, committed 20992K, reserved 1048576K
}
Event: 556.650 GC heap after
{Heap after GC invocations=72 (full 0):
 garbage-first heap   total 386048K, used 211109K [0x0000000080000000, 0x0000000100000000)
  region size 1024K, 12 young (12288K), 12 survivors (12288K)
 Metaspace       used 161009K, committed 162112K, reserved 1245184K
  class space    used 20452K, committed 20992K, reserved 1048576K
}
Event: 564.011 GC heap before
{Heap before GC invocations=73 (full 0):
 garbage-first heap   total 386048K, used 318629K [0x0000000080000000, 0x0000000100000000)
  region size 1024K, 111 young (113664K), 12 survivors (12288K)
 Metaspace       used 161212K, committed 162304K, reserved 1245184K
  class space    used 20454K, committed 20992K, reserved 1048576K
}
Event: 564.025 GC heap after
{Heap after GC invocations=74 (full 0):
 garbage-first heap   total 386048K, used 228139K [0x0000000080000000, 0x0000000100000000)
  region size 1024K, 11 young (11264K), 11 survivors (11264K)
 Metaspace       used 161212K, committed 162304K, reserved 1245184K
  class space    used 20454K, committed 20992K, reserved 1048576K
}
Event: 564.044 GC heap before
{Heap before GC invocations=74 (full 0):
 garbage-first heap   total 386048K, used 234283K [0x0000000080000000, 0x0000000100000000)
  region size 1024K, 18 young (18432K), 11 survivors (11264K)
 Metaspace       used 161212K, committed 162304K, reserved 1245184K
  class space    used 20454K, committed 20992K, reserved 1048576K
}
Event: 564.061 GC heap after
{Heap after GC invocations=75 (full 0):
 garbage-first heap   total 386048K, used 224079K [0x0000000080000000, 0x0000000100000000)
  region size 1024K, 3 young (3072K), 3 survivors (3072K)
 Metaspace       used 161212K, committed 162304K, reserved 1245184K
  class space    used 20454K, committed 20992K, reserved 1048576K
}
Event: 564.331 GC heap before
{Heap before GC invocations=75 (full 0):
 garbage-first heap   total 386048K, used 295759K [0x0000000080000000, 0x0000000100000000)
  region size 1024K, 74 young (75776K), 3 survivors (3072K)
 Metaspace       used 161218K, committed 162304K, reserved 1245184K
  class space    used 20454K, committed 20992K, reserved 1048576K
}

Dll operation events (15 events):
Event: 0.049 Loaded shared library H:\Program Files\Microsoft\jdk-17.0.19.10-hotspot\bin\java.dll
Event: 0.110 Loaded shared library H:\Program Files\Microsoft\jdk-17.0.19.10-hotspot\bin\jsvml.dll
Event: 0.242 Loaded shared library H:\Program Files\Microsoft\jdk-17.0.19.10-hotspot\bin\zip.dll
Event: 0.246 Loaded shared library H:\Program Files\Microsoft\jdk-17.0.19.10-hotspot\bin\instrument.dll
Event: 0.293 Loaded shared library H:\Program Files\Microsoft\jdk-17.0.19.10-hotspot\bin\net.dll
Event: 0.344 Loaded shared library H:\Program Files\Microsoft\jdk-17.0.19.10-hotspot\bin\nio.dll
Event: 0.350 Loaded shared library H:\Program Files\Microsoft\jdk-17.0.19.10-hotspot\bin\zip.dll
Event: 0.669 Loaded shared library H:\Program Files\Microsoft\jdk-17.0.19.10-hotspot\bin\jimage.dll
Event: 0.777 Loaded shared library H:\Program Files\Microsoft\jdk-17.0.19.10-hotspot\bin\verify.dll
Event: 1.019 Loaded shared library C:\Users\evenk\.gradle\native\c067742578af261105cb4f569cf0c3c89f3d7b1fecec35dd04571415982c5e48\windows-amd64\native-platform.dll
Event: 1.027 Loaded shared library C:\Users\evenk\.gradle\native\38dada09dfb8b06ba9b0570ebf7e218e3eb74d4ef43ca46872605cf95ebc2f47\windows-amd64\native-platform-file-events.dll
Event: 2.600 Loaded shared library H:\Program Files\Microsoft\jdk-17.0.19.10-hotspot\bin\management.dll
Event: 2.648 Loaded shared library H:\Program Files\Microsoft\jdk-17.0.19.10-hotspot\bin\management_ext.dll
Event: 3.043 Loaded shared library H:\Program Files\Microsoft\jdk-17.0.19.10-hotspot\bin\extnet.dll
Event: 3.320 Loaded shared library H:\Program Files\Microsoft\jdk-17.0.19.10-hotspot\bin\sunmscapi.dll

Deoptimization events (20 events):
Event: 557.262 Thread 0x00000291733e7a00 DEOPT PACKING pc=0x0000029116f85bf0 sp=0x000000cc211fdc50
Event: 557.262 Thread 0x00000291733e7a00 DEOPT UNPACKING pc=0x000002911c217124 sp=0x000000cc211fd198 mode 0
Event: 561.345 Thread 0x00000291771c3a30 Uncommon trap: trap_request=0xffffff45 fr.pc=0x000002911d0b0090 relative=0x0000000000002910
Event: 561.345 Thread 0x00000291771c3a30 Uncommon trap: reason=unstable_if action=reinterpret pc=0x000002911d0b0090 method=org.gradle.internal.serialize.AbstractEncoder.getOutputStream()Ljava/io/OutputStream; @ 4 c2
Event: 561.345 Thread 0x00000291771c3a30 DEOPT PACKING pc=0x000002911d0b0090 sp=0x000000cc236ff5b0
Event: 561.345 Thread 0x00000291771c3a30 DEOPT UNPACKING pc=0x000002911c21699d sp=0x000000cc236ff540 mode 2
Event: 561.349 Thread 0x00000291733ec5f0 Uncommon trap: trap_request=0xffffffc6 fr.pc=0x000002911cb6eee8 relative=0x0000000000000808
Event: 561.349 Thread 0x00000291733ec5f0 Uncommon trap: reason=bimorphic_or_optimized_type_check action=maybe_recompile pc=0x000002911cb6eee8 method=java.util.stream.MatchOps$MatchOp.evaluateSequential(Ljava/util/stream/PipelineHelper;Ljava/util/Spliterator;)Ljava/lang/Boolean; @ 14 c2
Event: 561.349 Thread 0x00000291733ec5f0 DEOPT PACKING pc=0x000002911cb6eee8 sp=0x000000cc227fbe40
Event: 561.349 Thread 0x00000291733ec5f0 DEOPT UNPACKING pc=0x000002911c21699d sp=0x000000cc227fbd78 mode 2
Event: 563.657 Thread 0x00000291771c3a30 Uncommon trap: trap_request=0xffffff45 fr.pc=0x000002911cfa1b0c relative=0x0000000000001e6c
Event: 563.657 Thread 0x00000291771c3a30 Uncommon trap: reason=unstable_if action=reinterpret pc=0x000002911cfa1b0c method=java.util.concurrent.locks.AbstractQueuedSynchronizer$ConditionObject.canReacquire(Ljava/util/concurrent/locks/AbstractQueuedSynchronizer$ConditionNode;)Z @ 18 c2
Event: 563.657 Thread 0x00000291771c3a30 DEOPT PACKING pc=0x000002911cfa1b0c sp=0x000000cc236ff620
Event: 563.657 Thread 0x00000291771c3a30 DEOPT UNPACKING pc=0x000002911c21699d sp=0x000000cc236ff4a8 mode 2
Event: 563.790 Thread 0x00000291733ec5f0 DEOPT PACKING pc=0x00000291153b9d91 sp=0x000000cc227f8540
Event: 563.790 Thread 0x00000291733ec5f0 DEOPT UNPACKING pc=0x000002911c217124 sp=0x000000cc227f7a30 mode 0
Event: 563.872 Thread 0x00000291733ec5f0 Uncommon trap: trap_request=0xffffff45 fr.pc=0x000002911d01ef20 relative=0x0000000000000f60
Event: 563.872 Thread 0x00000291733ec5f0 Uncommon trap: reason=unstable_if action=reinterpret pc=0x000002911d01ef20 method=com.google.common.collect.MapMakerInternalMap$Segment.put(Ljava/lang/Object;ILjava/lang/Object;Z)Ljava/lang/Object; @ 92 c2
Event: 563.872 Thread 0x00000291733ec5f0 DEOPT PACKING pc=0x000002911d01ef20 sp=0x000000cc227f8950
Event: 563.872 Thread 0x00000291733ec5f0 DEOPT UNPACKING pc=0x000002911c21699d sp=0x000000cc227f8800 mode 2

Classes loaded (20 events):
Event: 42.533 Loading class java/util/HashMapBeanInfo
Event: 42.533 Loading class java/util/HashMapBeanInfo done
Event: 42.533 Loading class java/util/HashMapBeanInfo
Event: 42.533 Loading class java/util/HashMapBeanInfo done
Event: 42.534 Loading class java/util/AbstractMapBeanInfo
Event: 42.534 Loading class java/util/AbstractMapBeanInfo done
Event: 42.534 Loading class java/util/AbstractMapBeanInfo
Event: 42.534 Loading class java/util/AbstractMapBeanInfo done
Event: 42.534 Loading class java/util/AbstractMapCustomizer
Event: 42.534 Loading class java/util/AbstractMapCustomizer done
Event: 42.534 Loading class java/util/AbstractMapCustomizer
Event: 42.534 Loading class java/util/AbstractMapCustomizer done
Event: 42.537 Loading class java/util/HashMapCustomizer
Event: 42.537 Loading class java/util/HashMapCustomizer done
Event: 42.538 Loading class java/util/HashMapCustomizer
Event: 42.538 Loading class java/util/HashMapCustomizer done
Event: 551.044 Loading class jdk/internal/reflect/UnsafeStaticObjectFieldAccessorImpl
Event: 551.044 Loading class jdk/internal/reflect/UnsafeStaticObjectFieldAccessorImpl done
Event: 552.258 Loading class java/util/zip/ZipInputStream
Event: 552.258 Loading class java/util/zip/ZipInputStream done

Classes unloaded (7 events):
Event: 9.964 Thread 0x000002912ba4f150 Unloading class 0x000002912d361c00 'java/lang/invoke/LambdaForm$MH+0x000002912d361c00'
Event: 9.964 Thread 0x000002912ba4f150 Unloading class 0x000002912d361400 'java/lang/invoke/LambdaForm$MH+0x000002912d361400'
Event: 9.964 Thread 0x000002912ba4f150 Unloading class 0x000002912d360c00 'java/lang/invoke/LambdaForm$DMH+0x000002912d360c00'
Event: 9.964 Thread 0x000002912ba4f150 Unloading class 0x000002912d360800 'java/lang/invoke/LambdaForm$DMH+0x000002912d360800'
Event: 9.964 Thread 0x000002912ba4f150 Unloading class 0x000002912d360400 'java/lang/invoke/LambdaForm$DMH+0x000002912d360400'
Event: 9.964 Thread 0x000002912ba4f150 Unloading class 0x000002912d360000 'java/lang/invoke/LambdaForm$DMH+0x000002912d360000'
Event: 9.964 Thread 0x000002912ba4f150 Unloading class 0x000002912d35d400 'java/lang/invoke/LambdaForm$DMH+0x000002912d35d400'

Classes redefined (0 events):
No events

Internal exceptions (20 events):
Event: 551.058 Thread 0x00000291733ec5f0 Implicit null exception at 0x000002911c987d72 to 0x000002911c987f18
Event: 552.256 Thread 0x000002917262b2f0 Exception <a 'sun/nio/fs/WindowsException'{0x0000000092e74910}> (0x0000000092e74910) 
thrown [s\src\hotspot\share\prims\jni.cpp, line 516]
Event: 552.265 Thread 0x000002917262b2f0 Exception <a 'sun/nio/fs/WindowsException'{0x0000000092eb2008}> (0x0000000092eb2008) 
thrown [s\src\hotspot\share\prims\jni.cpp, line 516]
Event: 552.266 Thread 0x000002917262b2f0 Exception <a 'sun/nio/fs/WindowsException'{0x0000000092eb2180}> (0x0000000092eb2180) 
thrown [s\src\hotspot\share\prims\jni.cpp, line 516]
Event: 552.508 Thread 0x00000291733ec5f0 Exception <a 'sun/nio/fs/WindowsException'{0x0000000091bbcc48}> (0x0000000091bbcc48) 
thrown [s\src\hotspot\share\prims\jni.cpp, line 516]
Event: 552.508 Thread 0x00000291733ec5f0 Exception <a 'sun/nio/fs/WindowsException'{0x0000000091bbea30}> (0x0000000091bbea30) 
thrown [s\src\hotspot\share\prims\jni.cpp, line 516]
Event: 552.513 Thread 0x00000291733ec5f0 Implicit null exception at 0x000002911d1a3067 to 0x000002911d1a4a50
Event: 555.565 Thread 0x000002917262c730 Exception <a 'sun/nio/fs/WindowsException'{0x0000000094523ca8}> (0x0000000094523ca8) 
thrown [s\src\hotspot\share\prims\jni.cpp, line 516]
Event: 555.605 Thread 0x000002917262c730 Exception <a 'sun/nio/fs/WindowsException'{0x0000000094485240}> (0x0000000094485240) 
thrown [s\src\hotspot\share\prims\jni.cpp, line 516]
Event: 555.605 Thread 0x000002917262c730 Exception <a 'sun/nio/fs/WindowsException'{0x00000000944853b8}> (0x00000000944853b8) 
thrown [s\src\hotspot\share\prims\jni.cpp, line 516]
Event: 555.714 Thread 0x00000291733ec5f0 Implicit null exception at 0x000002911cf11c5e to 0x000002911cf11d0c
Event: 563.417 Thread 0x00000291733ec5f0 Exception <a 'sun/nio/fs/WindowsException'{0x00000000961d0c90}> (0x00000000961d0c90) 
thrown [s\src\hotspot\share\prims\jni.cpp, line 516]
Event: 563.417 Thread 0x00000291733ec5f0 Exception <a 'sun/nio/fs/WindowsException'{0x00000000961d2150}> (0x00000000961d2150) 
thrown [s\src\hotspot\share\prims\jni.cpp, line 516]
Event: 563.418 Thread 0x00000291733ec5f0 Exception <a 'sun/nio/fs/WindowsException'{0x00000000961d3600}> (0x00000000961d3600) 
thrown [s\src\hotspot\share\prims\jni.cpp, line 516]
Event: 563.418 Thread 0x00000291733ec5f0 Exception <a 'sun/nio/fs/WindowsException'{0x00000000961d4a90}> (0x00000000961d4a90) 
thrown [s\src\hotspot\share\prims\jni.cpp, line 516]
Event: 563.464 Thread 0x00000291733ec5f0 Exception <a 'sun/nio/fs/WindowsException'{0x00000000957af660}> (0x00000000957af660) 
thrown [s\src\hotspot\share\prims\jni.cpp, line 516]
Event: 563.464 Thread 0x00000291733ec5f0 Exception <a 'sun/nio/fs/WindowsException'{0x00000000957b0d68}> (0x00000000957b0d68) 
thrown [s\src\hotspot\share\prims\jni.cpp, line 516]
Event: 563.464 Thread 0x00000291733ec5f0 Exception <a 'sun/nio/fs/WindowsException'{0x00000000957b3e10}> (0x00000000957b3e10) 
thrown [s\src\hotspot\share\prims\jni.cpp, line 516]
Event: 563.947 Thread 0x00000291733ec5f0 Exception <a 'sun/nio/fs/WindowsException'{0x00000000926ad710}> (0x00000000926ad710) 
thrown [s\src\hotspot\share\prims\jni.cpp, line 516]
Event: 563.947 Thread 0x00000291733ec5f0 Exception <a 'sun/nio/fs/WindowsException'{0x00000000926af4f8}> (0x00000000926af4f8) 
thrown [s\src\hotspot\share\prims\jni.cpp, line 516]

VM Operations (20 events):
Event: 555.876 Executing VM operation: ICBufferFull done
Event: 556.640 Executing VM operation: G1CollectForAllocation
Event: 556.650 Executing VM operation: G1CollectForAllocation done
Event: 556.808 Executing VM operation: G1PauseRemark
Event: 556.822 Executing VM operation: G1PauseRemark done
Event: 556.887 Executing VM operation: G1PauseCleanup
Event: 556.887 Executing VM operation: G1PauseCleanup done
Event: 557.893 Executing VM operation: Cleanup
Event: 557.893 Executing VM operation: Cleanup done
Event: 560.907 Executing VM operation: Cleanup
Event: 560.907 Executing VM operation: Cleanup done
Event: 561.920 Executing VM operation: Cleanup
Event: 561.920 Executing VM operation: Cleanup done
Event: 563.923 Executing VM operation: Cleanup
Event: 563.924 Executing VM operation: Cleanup done
Event: 564.011 Executing VM operation: G1CollectForAllocation
Event: 564.025 Executing VM operation: G1CollectForAllocation done
Event: 564.044 Executing VM operation: G1CollectForAllocation
Event: 564.061 Executing VM operation: G1CollectForAllocation done
Event: 564.331 Executing VM operation: G1TryInitiateConcMark

Memory protections (0 events):
No events

Nmethod flushes (20 events):
Event: 555.626 Thread 0x000002912ba9df80 flushing  nmethod 0x00000291174c2390
Event: 555.626 Thread 0x000002912ba9df80 flushing  nmethod 0x00000291174d8f90
Event: 555.626 Thread 0x000002912ba9df80 flushing  nmethod 0x00000291174dba10
Event: 555.626 Thread 0x000002912ba9df80 flushing  nmethod 0x0000029117535810
Event: 555.626 Thread 0x000002912ba9df80 flushing  nmethod 0x000002911753a690
Event: 555.626 Thread 0x000002912ba9df80 flushing  nmethod 0x000002911753fa90
Event: 555.626 Thread 0x000002912ba9df80 flushing  nmethod 0x0000029117543e10
Event: 555.626 Thread 0x000002912ba9df80 flushing  nmethod 0x0000029117545b10
Event: 555.626 Thread 0x000002912ba9df80 flushing  nmethod 0x0000029117576890
Event: 555.627 Thread 0x000002912ba9df80 flushing  nmethod 0x000002911757aa90
Event: 555.627 Thread 0x000002912ba9df80 flushing  nmethod 0x000002911757bc10
Event: 555.627 Thread 0x000002912ba9df80 flushing  nmethod 0x000002911758b110
Event: 555.627 Thread 0x000002912ba9df80 flushing  nmethod 0x0000029117598c90
Event: 555.627 Thread 0x000002912ba9df80 flushing  nmethod 0x000002911759c910
Event: 555.627 Thread 0x000002912ba9df80 flushing  nmethod 0x0000029117603a10
Event: 555.628 Thread 0x000002912ba9df80 flushing  nmethod 0x00000291176ded10
Event: 555.629 Thread 0x000002912ba9df80 flushing  nmethod 0x0000029117743490
Event: 555.629 Thread 0x000002912ba9df80 flushing  nmethod 0x00000291177f5810
Event: 555.631 Thread 0x000002912ba9df80 flushing  nmethod 0x00000291179f7790
Event: 555.632 Thread 0x000002912ba9df80 flushing  nmethod 0x0000029117bbcf10

Events (20 events):
Event: 563.390 Thread 0x000002912ba967d0 Thread added: 0x000002917d40c590
Event: 563.394 Thread 0x00000291733ec5f0 Thread added: 0x00000291771be930
Event: 563.397 Thread 0x00000291733ec5f0 Thread added: 0x00000291771c4450
Event: 563.407 Thread 0x00000291733ec5f0 Thread added: 0x00000291771c4960
Event: 563.410 Thread 0x00000291733ec5f0 Thread added: 0x00000291771c5890
Event: 563.450 Thread 0x00000291733ec5f0 Thread added: 0x00000291771bf350
Event: 563.509 Thread 0x00000291733ec5f0 Thread added: 0x00000291771be420
Event: 563.653 Thread 0x00000291733ec5f0 Thread added: 0x00000291771bfd70
Event: 563.654 Thread 0x00000291733ec5f0 Thread added: 0x00000291771c0280
Event: 563.654 Thread 0x00000291733ec5f0 Thread added: 0x00000291733eda30
Event: 563.654 Thread 0x00000291733ec5f0 Thread added: 0x00000291733e8420
Event: 563.655 Thread 0x00000291733ec5f0 Thread added: 0x00000291733ec0e0
Event: 563.655 Thread 0x00000291733ec5f0 Thread added: 0x00000291733ea790
Event: 563.655 Thread 0x00000291733ec5f0 Thread added: 0x00000291733eb1b0
Event: 563.656 Thread 0x00000291733ec5f0 Thread added: 0x00000291733ecb00
Event: 563.656 Thread 0x00000291733ec5f0 Thread added: 0x00000291733e8930
Event: 563.656 Thread 0x00000291733ec5f0 Thread added: 0x00000291733eaca0
Event: 563.657 Thread 0x00000291733ec5f0 Thread added: 0x00000291733e6ad0
Event: 563.696 Thread 0x000002912bb2a3f0 Thread added: 0x000002917df6d1b0
Event: 563.776 Thread 0x00000291733ec5f0 Thread added: 0x000002912bd8a970


Dynamic libraries:
0x00007ff6a81f0000 - 0x00007ff6a81fe000 	H:\Program Files\Microsoft\jdk-17.0.19.10-hotspot\bin\java.exe
0x00007ffa80ad0000 - 0x00007ffa80cc9000 	C:\Windows\SYSTEM32\ntdll.dll
0x00007ffa7ecf0000 - 0x00007ffa7edb2000 	C:\Windows\System32\KERNEL32.DLL
0x00007ffa7e510000 - 0x00007ffa7e807000 	C:\Windows\System32\KERNELBASE.dll
0x00007ffa7e1e0000 - 0x00007ffa7e2e0000 	C:\Windows\System32\ucrtbase.dll
0x00007ffa5a670000 - 0x00007ffa5a688000 	H:\Program Files\Microsoft\jdk-17.0.19.10-hotspot\bin\jli.dll
0x00007ffa80750000 - 0x00007ffa808ed000 	C:\Windows\System32\USER32.dll
0x00007ffa59c80000 - 0x00007ffa59c9e000 	H:\Program Files\Microsoft\jdk-17.0.19.10-hotspot\bin\VCRUNTIME140.dll
0x00007ffa7e8c0000 - 0x00007ffa7e8e2000 	C:\Windows\System32\win32u.dll
0x00007ffa80720000 - 0x00007ffa8074b000 	C:\Windows\System32\GDI32.dll
0x00007ffa7e310000 - 0x00007ffa7e42a000 	C:\Windows\System32\gdi32full.dll
0x00007ffa67ea0000 - 0x00007ffa6813b000 	C:\Windows\WinSxS\amd64_microsoft.windows.common-controls_6595b64144ccf1df_6.0.19041.7663_none_60b9ed0b71f50c93\COMCTL32.dll
0x00007ffa80370000 - 0x00007ffa8040e000 	C:\Windows\System32\msvcrt.dll
0x00007ffa7e140000 - 0x00007ffa7e1dd000 	C:\Windows\System32\msvcp_win.dll
0x00007ffa80340000 - 0x00007ffa8036f000 	C:\Windows\System32\IMM32.DLL
0x00007ffa5b060000 - 0x00007ffa5b06c000 	H:\Program Files\Microsoft\jdk-17.0.19.10-hotspot\bin\vcruntime140_1.dll
0x00007ffa34f30000 - 0x00007ffa34fb9000 	H:\Program Files\Microsoft\jdk-17.0.19.10-hotspot\bin\msvcp140.dll
0x00007ff9a9300000 - 0x00007ff9a9f7b000 	H:\Program Files\Microsoft\jdk-17.0.19.10-hotspot\bin\server\jvm.dll
0x00007ffa7f230000 - 0x00007ffa7f2e2000 	C:\Windows\System32\ADVAPI32.dll
0x00007ffa80410000 - 0x00007ffa804b0000 	C:\Windows\System32\sechost.dll
0x00007ffa801b0000 - 0x00007ffa802d6000 	C:\Windows\System32\RPCRT4.dll
0x00007ffa7e2e0000 - 0x00007ffa7e307000 	C:\Windows\System32\bcrypt.dll
0x00007ffa80a20000 - 0x00007ffa80a8b000 	C:\Windows\System32\WS2_32.dll
0x00007ffa7d880000 - 0x00007ffa7d8cb000 	C:\Windows\SYSTEM32\POWRPROF.dll
0x00007ffa71020000 - 0x00007ffa71047000 	C:\Windows\SYSTEM32\WINMM.dll
0x00007ffa77a00000 - 0x00007ffa77a0a000 	C:\Windows\SYSTEM32\VERSION.dll
0x00007ffa7d860000 - 0x00007ffa7d872000 	C:\Windows\SYSTEM32\UMPDC.dll
0x00007ffa7bf80000 - 0x00007ffa7bf92000 	C:\Windows\SYSTEM32\kernel.appcore.dll
0x00007ffa5a8a0000 - 0x00007ffa5a8aa000 	H:\Program Files\Microsoft\jdk-17.0.19.10-hotspot\bin\jimage.dll
0x00007ffa6e8d0000 - 0x00007ffa6ead1000 	C:\Windows\SYSTEM32\DBGHELP.DLL
0x00007ffa57da0000 - 0x00007ffa57dd4000 	C:\Windows\SYSTEM32\dbgcore.DLL
0x00007ffa7e430000 - 0x00007ffa7e4b2000 	C:\Windows\System32\bcryptPrimitives.dll
0x00007ffa5a740000 - 0x00007ffa5a74f000 	H:\Program Files\Microsoft\jdk-17.0.19.10-hotspot\bin\instrument.dll
0x00007ffa54640000 - 0x00007ffa54666000 	H:\Program Files\Microsoft\jdk-17.0.19.10-hotspot\bin\java.dll
0x00007ffa33470000 - 0x00007ffa33546000 	H:\Program Files\Microsoft\jdk-17.0.19.10-hotspot\bin\jsvml.dll
0x00007ffa7f480000 - 0x00007ffa7fbf1000 	C:\Windows\System32\SHELL32.dll
0x00007ffa7c190000 - 0x00007ffa7c93c000 	C:\Windows\SYSTEM32\windows.storage.dll
0x00007ffa7fd10000 - 0x00007ffa80063000 	C:\Windows\System32\combase.dll
0x00007ffa7da80000 - 0x00007ffa7daab000 	C:\Windows\SYSTEM32\Wldp.dll
0x00007ffa80070000 - 0x00007ffa80146000 	C:\Windows\System32\OLEAUT32.dll
0x00007ffa804b0000 - 0x00007ffa8055d000 	C:\Windows\System32\SHCORE.dll
0x00007ffa802e0000 - 0x00007ffa8033b000 	C:\Windows\System32\shlwapi.dll
0x00007ffa7e060000 - 0x00007ffa7e085000 	C:\Windows\SYSTEM32\profapi.dll
0x00007ffa580b0000 - 0x00007ffa580c8000 	H:\Program Files\Microsoft\jdk-17.0.19.10-hotspot\bin\zip.dll
0x00007ffa58070000 - 0x00007ffa5808b000 	H:\Program Files\Microsoft\jdk-17.0.19.10-hotspot\bin\net.dll
0x00007ffa79890000 - 0x00007ffa7999d000 	C:\Windows\SYSTEM32\WINHTTP.dll
0x00007ffa7d7c0000 - 0x00007ffa7d82a000 	C:\Windows\system32\mswsock.dll
0x00007ffa528b0000 - 0x00007ffa528c6000 	H:\Program Files\Microsoft\jdk-17.0.19.10-hotspot\bin\nio.dll
0x00007ffa59b90000 - 0x00007ffa59ba0000 	H:\Program Files\Microsoft\jdk-17.0.19.10-hotspot\bin\verify.dll
0x00007ffa553c0000 - 0x00007ffa553e7000 	C:\Users\evenk\.gradle\native\c067742578af261105cb4f569cf0c3c89f3d7b1fecec35dd04571415982c5e48\windows-amd64\native-platform.dll
0x00007ff9b6d20000 - 0x00007ff9b6e64000 	C:\Users\evenk\.gradle\native\38dada09dfb8b06ba9b0570ebf7e218e3eb74d4ef43ca46872605cf95ebc2f47\windows-amd64\native-platform-file-events.dll
0x00007ffa57fa0000 - 0x00007ffa57faa000 	H:\Program Files\Microsoft\jdk-17.0.19.10-hotspot\bin\management.dll
0x00007ffa57e40000 - 0x00007ffa57e4c000 	H:\Program Files\Microsoft\jdk-17.0.19.10-hotspot\bin\management_ext.dll
0x00007ffa7fca0000 - 0x00007ffa7fca8000 	C:\Windows\System32\PSAPI.DLL
0x00007ffa7ddd0000 - 0x00007ffa7dde8000 	C:\Windows\SYSTEM32\CRYPTSP.dll
0x00007ffa7d0a0000 - 0x00007ffa7d0d8000 	C:\Windows\system32\rsaenh.dll
0x00007ffa7dfe0000 - 0x00007ffa7e00e000 	C:\Windows\SYSTEM32\USERENV.dll
0x00007ffa7d9f0000 - 0x00007ffa7d9fc000 	C:\Windows\SYSTEM32\CRYPTBASE.dll
0x00007ffa7d4c0000 - 0x00007ffa7d4fb000 	C:\Windows\SYSTEM32\IPHLPAPI.DLL
0x00007ffa808f0000 - 0x00007ffa808f8000 	C:\Windows\System32\NSI.dll
0x00007ffa77ad0000 - 0x00007ffa77ae7000 	C:\Windows\SYSTEM32\dhcpcsvc6.DLL
0x00007ffa78400000 - 0x00007ffa7841e000 	C:\Windows\SYSTEM32\dhcpcsvc.DLL
0x00007ffa7d500000 - 0x00007ffa7d5cc000 	C:\Windows\SYSTEM32\DNSAPI.dll
0x00007ffa57e10000 - 0x00007ffa57e19000 	H:\Program Files\Microsoft\jdk-17.0.19.10-hotspot\bin\extnet.dll
0x00007ffa57960000 - 0x00007ffa5796e000 	H:\Program Files\Microsoft\jdk-17.0.19.10-hotspot\bin\sunmscapi.dll
0x00007ffa7e8f0000 - 0x00007ffa7ea4d000 	C:\Windows\System32\CRYPT32.dll
0x00007ffa7daf0000 - 0x00007ffa7db17000 	C:\Windows\SYSTEM32\ncrypt.dll
0x00007ffa7dab0000 - 0x00007ffa7daeb000 	C:\Windows\SYSTEM32\NTASN1.dll
0x00007ffa79d80000 - 0x00007ffa79d87000 	C:\Windows\system32\wshunix.dll
0x00007ffa7d2f0000 - 0x00007ffa7d323000 	C:\Windows\SYSTEM32\ntmarta.dll
0x00007ffa59ba0000 - 0x00007ffa59bb7000 	C:\Windows\system32\napinsp.dll
0x00007ffa59bc0000 - 0x00007ffa59bdb000 	C:\Windows\system32\pnrpnsp.dll
0x00007ffa59c20000 - 0x00007ffa59c3d000 	C:\Windows\system32\wshbth.dll
0x00007ffa7b4a0000 - 0x00007ffa7b4bd000 	C:\Windows\system32\NLAapi.dll
0x00007ffa5a5f0000 - 0x00007ffa5a602000 	C:\Windows\System32\winrnr.dll
0x00007ffa654a0000 - 0x00007ffa654aa000 	C:\Windows\System32\rasadhlp.dll
0x00007ffa76160000 - 0x00007ffa761e0000 	C:\Windows\System32\fwpuclnt.dll

dbghelp: loaded successfully - version: 4.0.5 - missing functions: none
symbol engine: initialized successfully - sym options: 0x614 - pdb path: .;H:\Program Files\Microsoft\jdk-17.0.19.10-hotspot\bin;C:\Windows\SYSTEM32;C:\Windows\WinSxS\amd64_microsoft.windows.common-controls_6595b64144ccf1df_6.0.19041.7663_none_60b9ed0b71f50c93;H:\Program Files\Microsoft\jdk-17.0.19.10-hotspot\bin\server;C:\Users\evenk\.gradle\native\c067742578af261105cb4f569cf0c3c89f3d7b1fecec35dd04571415982c5e48\windows-amd64;C:\Users\evenk\.gradle\native\38dada09dfb8b06ba9b0570ebf7e218e3eb74d4ef43ca46872605cf95ebc2f47\windows-amd64

VM Arguments:
jvm_args: --add-opens=java.base/java.util=ALL-UNNAMED --add-opens=java.base/java.lang=ALL-UNNAMED --add-opens=java.base/java.lang.invoke=ALL-UNNAMED --add-opens=java.prefs/java.util.prefs=ALL-UNNAMED --add-opens=java.base/java.nio.charset=ALL-UNNAMED --add-opens=java.base/java.net=ALL-UNNAMED --add-opens=java.base/java.util.concurrent.atomic=ALL-UNNAMED -Xmx2048m -Dfile.encoding=UTF-8 -Duser.country=RU -Duser.language=ru -Duser.variant -javaagent:C:\Users\evenk\.gradle\wrapper\dists\gradle-8.4-bin\1w5dpkrfk8irigvoxmyhowfim\gradle-8.4\lib\agents\gradle-instrumentation-agent-8.4.jar 
java_command: org.gradle.launcher.daemon.bootstrap.GradleDaemon 8.4
java_class_path (initial): C:\Users\evenk\.gradle\wrapper\dists\gradle-8.4-bin\1w5dpkrfk8irigvoxmyhowfim\gradle-8.4\lib\gradle-launcher-8.4.jar
Launcher Type: SUN_STANDARD

[Global flags]
     intx CICompilerCount                          = 4                                         {product} {ergonomic}
     uint ConcGCThreads                            = 3                                         {product} {ergonomic}
     uint G1ConcRefinementThreads                  = 10                                        {product} {ergonomic}
   size_t G1HeapRegionSize                         = 1048576                                   {product} {ergonomic}
    uintx GCDrainStackTargetSize                   = 64                                        {product} {ergonomic}
   size_t InitialHeapSize                          = 402653184                                 {product} {ergonomic}
   size_t MarkStackSize                            = 4194304                                   {product} {ergonomic}
   size_t MaxHeapSize                              = 2147483648                                {product} {command line}
   size_t MaxNewSize                               = 1287651328                                {product} {ergonomic}
   size_t MinHeapDeltaBytes                        = 1048576                                   {product} {ergonomic}
   size_t MinHeapSize                              = 8388608                                   {product} {ergonomic}
    uintx NonNMethodCodeHeapSize                   = 5839372                                {pd product} {ergonomic}
    uintx NonProfiledCodeHeapSize                  = 122909434                              {pd product} {ergonomic}
    uintx ProfiledCodeHeapSize                     = 122909434                              {pd product} {ergonomic}
    uintx ReservedCodeCacheSize                    = 251658240                              {pd product} {ergonomic}
     bool SegmentedCodeCache                       = true                                      {product} {ergonomic}
   size_t SoftMaxHeapSize                          = 2147483648                             {manageable} {ergonomic}
     bool UseCompressedClassPointers               = true                           {product lp64_product} {ergonomic}
     bool UseCompressedOops                        = true                           {product lp64_product} {ergonomic}
     bool UseG1GC                                  = true                                      {product} {ergonomic}
     bool UseLargePagesIndividualAllocation        = false                                  {pd product} {ergonomic}

Logging:
Log output configuration:
 #0: stdout all=warning uptime,level,tags
 #1: stderr all=off uptime,level,tags

Environment Variables:
JAVA_HOME=H:\Program Files\Microsoft\jdk-17.0.19.10-hotspot
PATH=C:\Program Files (x86)\Common Files\Oracle\Java\java8path;C:\Program Files (x86)\Common Files\Oracle\Java\javapath;H:\Program Files\Microsoft\jdk-17.0.19.10-hotspot\bin;H:\Program Files\Microsoft\jdk-25.0.3.9-hotspot\bin;c:\Users\evenk\AppData\Local\Programs\cursor\resources\app\bin;c:\Users\evenk\AppData\Local\Programs\cursor\resources\app\bin;C:\Windows\system32;C:\Windows;C:\Windows\System32\Wbem;C:\Windows\System32\WindowsPowerShell\v1.0\;C:\Windows\System32\OpenSSH\;C:\Program Files (x86)\NVIDIA Corporation\PhysX\Common;C:\Program Files\Git\cmd;C:\Program Files\dotnet\;C:\Users\evenk\AppData\Local\Microsoft\WindowsApps;C:\Program Files\JetBrains\PyCharm Community Edition 2023.2\bin;C:\Program Files\JetBrains\PyCharm 2025.1.1.1\bin;c:\Users\evenk\AppData\Local\Programs\cursor\resources\app\bin;C:\Program Files\GitHub CLI\;C:\Program Files\NVIDIA Corporation\NVIDIA App\NvDLISR;C:\Users\evenk\AppData\Local\Microsoft\WindowsApps;C:\Program Files\JetBrains\PyCharm Community Edition 2023.2\bin;C:\Program Files\JetBrains\PyCharm 2025.1.1.1\bin;C:\Users\evenk\AppData\Local\Programs\cursor\resources\app\bin;c:\Users\evenk\AppData\Local\Programs\cursor\resources\app\bin;C:\ffmpeg\bin;C:\ProgramData\chocolatey\bin;C:\Users\evenk\AppData\Local\Android\Sdk\platform-tools;C:\Users\evenk\AppData\Local\Android\Sdk\emulator;C:\Users\evenk\AppData\Roaming\npm;C:\Program Files\nodejs\;c:\Users\evenk\AppData\Local\Programs\cursor\resources\app\codeBin;C:\Users\evenk\AppData\Local\Microsoft\WindowsApps;;C:\Program Files\JetBrains\PyCharm Community Edition 2023.2\bin;;C:\Program Files\JetBrains\PyCharm 2025.1.1.1\bin;;C:\Users\evenk\AppData\Local\Programs\cursor\resources\app\bin;C:\Users\evenk\.lmstudio\bin;C:\Users\evenk\AppData\Local\Programs\Antigravity\bin;C:\Users\evenk\AppData\Local\Programs\Antigravity IDE\bin;C:\Users\evenk\AppData\Local\Programs\Microsoft VS Code\bin;C:\Users\evenk\AppData\Roaming\npm;C:\Users\evenk\.local\bin;C:\Users\evenk\AppData\Local\Programs\agy-unlock
USERNAME=evenk
OS=Windows_NT
PROCESSOR_IDENTIFIER=Intel64 Family 6 Model 44 Stepping 2, GenuineIntel
TMP=C:\Users\evenk\AppData\Local\Temp
TEMP=C:\Users\evenk\AppData\Local\Temp



Periodic native trim disabled


---------------  S Y S T E M  ---------------

OS:
 Windows 10 , 64 bit Build 19041 (10.0.19041.7663)
OS uptime: 3 days 12:26 hours
Hyper-V role detected

CPU: total 12 (initial active 12) (6 cores per cpu, 2 threads per core) family 6 model 44 stepping 2 microcode 0x1f, cx8, cmov, fxsr, ht, mmx, sse, sse2, sse3, ssse3, sse4.1, sse4.2, popcnt, tsc, tscinvbit, aes, clmul, clflush, hv
Processor Information for the first 12 processors :
  Max Mhz: 3059, Current Mhz: 3059, Mhz Limit: 3059

Memory: 4k page, system-wide physical 24574M (6001M free)
TotalPageFile size 28480M (AvailPageFile size 529M)
current process WorkingSet (physical memory assigned to process): 794M, peak: 809M
current process commit charge ("private bytes"): 847M, peak: 1509M

vm_info: OpenJDK 64-Bit Server VM (17.0.19+10-LTS) for windows-amd64 JRE (17.0.19+10-LTS), built on Apr 18 2026 18:24:40 by "MicrosoftCorporation" with MS VC++ 17.14 (VS2022)

END.
